order_id,order_date,customer_id,product_sku,quantity,gross_amount,currency,payment_method,payment_status,refund_status,refund_amount,created_at,notes
ord_nBRNtp3FaBNfBMoh,2025-08-07,cust_AxrVJ7UFF0,SKU-2005,3,12297.32,INR,visa_mc_domestic,failed,none,0.00,2025-08-07 13:17:51.890,Deliberate failed payment for testing
ord_H5ESm2WLEov911Xc,2025-08-17,cust_prqEnhPcQ5,SKU-3002,5,459.43,INR,upi,failed,none,0.00,2025-08-17 12:23:22.214,Deliberate failed payment for testing
ord_wOBTQN62ToY4cQPi,2025-08-08,cust_YN9fFCGmxa,SKU-1002,4,4984.49,INR,visa_mc_domestic,failed,none,0.00,2025-08-08 17:27:57.597,Deliberate failed payment for testing
ord_Pi6qH2uvVSJAss8v,2025-08-12,cust_0fMXK754le,SKU-1002,3,44108.29,INR,upi,failed,none,0.00,2025-08-12 20:55:40.305,Deliberate failed payment for testing
ord_OOjEty8hHo6Kgl75,2025-08-16,cust_YpX3bPDBik,SKU-1001,1,5588.74,INR,upi,failed,none,0.00,2025-08-16 17:12:45.319,Deliberate failed payment for testing
ord_41EOpNI6jdwyLGaa,2025-08-11,cust_9GYV1PLbaR,SKU-1004,1,4445.40,INR,amex_diners,authorized,none,0.00,2025-08-11 19:03:43.669,"Captured after cutoff, settles next cycle"
ord_GohAFuOZd13KAY5w,2025-08-08,cust_peLNDtDTDd,SKU-3005,5,968.62,INR,upi,authorized,none,0.00,2025-08-08 13:46:50.569,"Captured after cutoff, settles next cycle"
ord_0EE1Z6jjCFojTQpT,2025-08-08,cust_c56AmiGhfI,SKU-2001,1,424.24,USD,international_card,captured,none,0.00,2025-08-08 12:42:41.307,"International order. USD 424.24, settles as INR 35211.92"
ord_bhS8ygpi5G2Q3uJR,2025-08-07,cust_0fP4DnzCUI,SKU-1005,2,341.91,USD,international_card,captured,none,0.00,2025-08-07 16:13:43.649,"International order. USD 341.91, settles as INR 28378.53"
ord_iG6qJCWiaCW58CWq,2025-08-14,cust_28u5OKxKZL,SKU-3005,3,9117.13,INR,upi,captured,none,0.00,2025-08-14 23:48:28.166,Near cutoff - batch boundary ambiguous
ord_1yQwG21NycSxOBLU,2025-08-17,cust_nY8h6H8L7Q,SKU-1002,5,3914.18,INR,upi,captured,none,0.00,2025-08-17 23:46:15.243,Near cutoff - batch boundary ambiguous
ord_b9H3LCbgyq6tMa65,2025-08-13,cust_3fpUriLpXu,SKU-1003,5,2624.30,INR,upi,captured,none,0.00,2025-08-13 23:48:50.105,Near cutoff - batch boundary ambiguous
ord_SNwlTbpfx7toRpmF,2025-08-16,cust_MBPd0EZnMr,SKU-2003,4,724.85,INR,upi,captured,none,0.00,2025-08-16 23:34:07.661,Near cutoff - batch boundary ambiguous
ord_312wNxrci4HIcgiT,2025-08-16,cust_3a4bJ1bu0R,SKU-3003,5,1956.98,INR,visa_mc_domestic,captured,none,0.00,2025-08-16 23:51:35.511,Near cutoff - batch boundary ambiguous
ord_ERQThIOrrDZhZMa4,2025-08-13,cust_vXAVu07Zuh,SKU-2005,2,2091.74,INR,visa_mc_domestic,captured,none,0.00,2025-08-13 23:30:25.942,Near cutoff - batch boundary ambiguous
ord_BUqZKcHmBYiBnIcD,2025-08-10,cust_vXuzPFBh9V,SKU-3001,1,11517.55,INR,upi,captured,none,0.00,2025-08-10 23:56:10.966,Near cutoff - batch boundary ambiguous
ord_BP0mOdH6cPWl7swK,2025-08-08,cust_j4X6MkzPrS,SKU-3001,5,12962.27,INR,amex_diners,captured,none,0.00,2025-08-08 23:58:36.215,Near cutoff - batch boundary ambiguous
ord_wVaWfV0yG7nzrbt7,2025-08-08,cust_dbtQ0zF2Pc,SKU-2005,4,2977.23,INR,upi,captured,none,0.00,2025-08-08 23:35:33.887,Near cutoff - batch boundary ambiguous
ord_LNxV2rRA6Fsevqoe,2025-08-16,cust_qSkdgauUrQ,SKU-1005,2,354.07,INR,upi,captured,none,0.00,2025-08-16 23:46:59.050,Near cutoff - batch boundary ambiguous
ord_u6qLtRkvl8zSWSrH,2025-08-04,cust_6nuGARdV7P,SKU-3004,4,252.27,INR,visa_mc_domestic,captured,none,0.00,2025-08-04 22:35:18.714,Missing from settlement report - possibly on hold
ord_EnDJiS9HvlxNgbb1,2025-08-10,cust_7GvmQFOiJZ,SKU-3002,5,1130.56,INR,upi,captured,none,0.00,2025-08-10 11:39:03.624,
ord_rrcq5wmo5aho4zEK,2025-08-08,cust_RHqr6feECa,SKU-2001,5,273.06,INR,upi,captured,partial,103.36,2025-08-08 15:52:36.943,Partial refund - split across settlement batches
ord_zj69pQCudo4LkneF,2025-08-09,cust_1UrR6yicTU,SKU-3003,4,43872.45,INR,upi,captured,partial,9039.72,2025-08-09 12:20:42.107,Partial refund - split across settlement batches
ord_ohZLWumvMi5brH8l,2025-08-07,cust_iF94cHzesf,SKU-1005,4,14802.45,INR,upi,captured,partial,2558.65,2025-08-07 16:19:35.014,Partial refund - split across settlement batches
ord_cILluIEv0VwQAtzj,2025-08-14,cust_eUvX518OX1,SKU-2002,1,2891.91,INR,visa_mc_domestic,captured,partial,353.94,2025-08-14 13:09:28.551,Partial refund
ord_Xpy8eCfk12bgcsZo,2025-08-06,cust_mYEUph7m3e,SKU-2004,1,1939.08,INR,upi,captured,partial,307.32,2025-08-06 06:50:16.346,Partial refund
ord_59uaGn2br4CxSXJg,2025-08-13,cust_E1mO4IcPPA,SKU-3003,4,38716.38,INR,upi,captured,partial,7455.12,2025-08-13 16:11:10.179,Partial refund
ord_E69S7qcS90GXWSrB,2025-08-17,cust_1w84uz3wOx,SKU-1004,2,3711.06,INR,upi,captured,partial,697.18,2025-08-17 16:17:00.579,Partial refund
ord_vqIGmCwCWI4UZMw2,2025-08-09,cust_K467S1xdEu,SKU-1004,4,170688.15,INR,visa_mc_domestic,captured,partial,17249.11,2025-08-09 14:58:17.850,Partial refund
ord_FYQHWuQXnXpdm6Ul,2025-08-14,cust_roHCC9HOhY,SKU-2001,5,3969.08,INR,upi,captured,partial,522.00,2025-08-14 06:52:29.931,Partial refund
ord_2ozm6RqNbOW8W3nD,2025-08-08,cust_cpnlBwPHjE,SKU-3003,5,372.76,INR,upi,captured,partial,134.57,2025-08-08 10:07:54.843,Partial refund
ord_UJ3A1IIPKoBAwOUK,2025-08-04,cust_udwfGf6Cw1,SKU-2004,3,4856.10,INR,upi,captured,partial,1605.69,2025-08-04 08:26:33.116,Partial refund
ord_90aGsb3TJHmksXlS,2025-08-12,cust_Ho2i1a3ZzY,SKU-3002,1,2250.09,INR,upi,captured,partial,651.85,2025-08-12 15:06:50.718,Partial refund
ord_XJ5EzFFtyikiUHVp,2025-08-16,cust_8lVjNoNG0W,SKU-3003,3,4228.89,INR,amex_diners,captured,partial,518.69,2025-08-16 13:58:46.052,Partial refund
ord_8ymnB5zQLrTVA1jY,2025-08-06,cust_gXcJTU6k2J,SKU-3003,5,265.27,INR,visa_mc_domestic,captured,partial,30.48,2025-08-06 17:01:05.764,Partial refund
ord_pebQuHaRqepCYlAS,2025-08-07,cust_UAuKXrfzxE,SKU-3004,1,2839.02,INR,upi,captured,partial,1478.10,2025-08-07 17:48:16.296,Partial refund
ord_1jjrZHBUxmz5F0Pk,2025-08-12,cust_VUKfHf4Vty,SKU-3004,2,317.16,INR,upi,captured,full,317.16,2025-08-12 06:55:19.763,Full refund
ord_KJvE6mcijq2n9U8T,2025-08-11,cust_xkVEcCWRn8,SKU-1002,5,2537.93,INR,amex_diners,captured,full,2537.93,2025-08-11 06:28:40.310,Full refund
ord_ix3byoTdJDG3VsfK,2025-08-07,cust_lW4YwqDnUU,SKU-2004,4,778.99,INR,international_card,captured,full,778.99,2025-08-07 16:28:33.535,Full refund
ord_7lJFp4TopHrFinUH,2025-08-15,cust_goaWWLN6eO,SKU-1003,2,875.54,INR,upi,captured,full,875.54,2025-08-15 18:47:43.934,Full refund
ord_fhtgp2mlJLqm3sCW,2025-08-15,cust_uwOO7w4Mqj,SKU-2003,4,12781.24,INR,visa_mc_domestic,captured,full,12781.24,2025-08-15 10:28:39.291,Full refund
ord_g7yxIPn2iG00RvQ4,2025-08-06,cust_y25ZYXXFNT,SKU-1002,3,6376.00,INR,upi,captured,full,6376.00,2025-08-06 18:05:58.227,Full refund
ord_4dzvdm4BNJ6lawOH,2025-08-07,cust_DzehnjsSAV,SKU-2005,4,734.57,INR,visa_mc_domestic,captured,full,734.57,2025-08-07 13:50:39.468,Full refund
ord_8Egf9iYdn8PBwVtm,2025-08-16,cust_ChyKwcrnyD,SKU-3003,4,361.27,INR,upi,captured,full,361.27,2025-08-16 15:48:21.136,Full refund
ord_2TTYydCoR1CoQxbY,2025-08-11,cust_LqWxQFaa9L,SKU-1005,3,462.34,INR,upi,captured,none,0.00,2025-08-11 20:24:21.997,
ord_TlaqVC1V9R86EnWx,2025-08-14,cust_lwCEwWXjlq,SKU-2001,3,1307.54,INR,upi,captured,none,0.00,2025-08-14 09:01:09.869,
ord_gYoPHteXiQQb9R4e,2025-08-05,cust_3bFq0TVEh3,SKU-3004,2,14273.24,INR,international_card,captured,none,0.00,2025-08-05 08:04:28.176,
ord_KWN9xOeWjc8I2EYs,2025-08-11,cust_jHTEcgHzik,SKU-3003,2,4642.85,INR,upi,captured,none,0.00,2025-08-11 14:49:26.843,
ord_zgSK5N6gREM7RmmF,2025-08-14,cust_osl0izBCnj,SKU-3001,2,9165.87,INR,international_card,captured,none,0.00,2025-08-14 09:37:09.175,
ord_B3hnSPyZcqJZcVI1,2025-08-09,cust_YvfGOHbID6,SKU-3004,5,4850.74,INR,upi,captured,none,0.00,2025-08-09 17:55:22.998,
ord_y5sLJ9c2eFYcOkDR,2025-08-13,cust_RAGIQWZCDi,SKU-2001,5,509.08,INR,visa_mc_domestic,captured,none,0.00,2025-08-13 19:41:43.481,
ord_vR9qH8YxV6uMffCI,2025-08-09,cust_lfUmK9tSUz,SKU-2004,4,7997.91,INR,upi,captured,none,0.00,2025-08-09 18:33:29.152,
ord_Wp8kxsqBd7wwjskK,2025-08-14,cust_JqB6GBTJqZ,SKU-3003,5,45548.62,INR,upi,captured,none,0.00,2025-08-14 16:49:53.389,
ord_trgi9dX7chhp1qxQ,2025-08-11,cust_S68vrqedi5,SKU-3002,3,658.78,INR,visa_mc_domestic,captured,none,0.00,2025-08-11 10:15:17.571,
ord_X8y7xSRsVbPdMh5r,2025-08-06,cust_PpgnDZsGvA,SKU-2004,2,4740.13,INR,visa_mc_domestic,captured,none,0.00,2025-08-06 07:47:37.245,
ord_dM7To4Fjhs64K2K5,2025-08-17,cust_u2RCSl5Ucn,SKU-2004,4,19697.00,INR,visa_mc_domestic,captured,none,0.00,2025-08-17 12:31:11.959,
ord_dLGKcPLtxjuK13zf,2025-08-05,cust_d6AXbQUkjQ,SKU-2001,2,294.58,INR,upi,captured,none,0.00,2025-08-05 12:06:11.143,
ord_Jq53vqn6WN7dc9Xr,2025-08-11,cust_NPu2FbrEiD,SKU-2004,5,629.33,INR,upi,captured,none,0.00,2025-08-11 17:51:42.845,
ord_UgHMkFfycfcDcysY,2025-08-17,cust_CVD95E5BZv,SKU-3003,4,4565.33,INR,visa_mc_domestic,captured,none,0.00,2025-08-17 00:13:37.074,
ord_14XqphoVLhgtNABS,2025-08-14,cust_zPVR6sGyZv,SKU-3005,1,253.83,INR,amex_diners,captured,none,0.00,2025-08-14 16:27:34.388,
ord_ClrDtYON1DfRytTl,2025-08-14,cust_IoNSD624ma,SKU-2003,1,191237.96,INR,upi,captured,none,0.00,2025-08-14 18:15:19.897,
ord_XgrZSLhON1IcDZZg,2025-08-10,cust_EbXhzDXlCE,SKU-3003,5,10588.50,INR,visa_mc_domestic,captured,none,0.00,2025-08-10 10:13:21.662,
ord_M4S4NLtuu4rrYOTR,2025-08-11,cust_W2cxsvTMTC,SKU-3004,2,5162.20,INR,amex_diners,captured,none,0.00,2025-08-11 14:22:19.267,
ord_5jZJUXzeoqPy7neK,2025-08-16,cust_e4hnDC06pv,SKU-2002,2,7314.33,INR,upi,captured,none,0.00,2025-08-16 12:08:46.559,
ord_JNcDn54oAgZBshRf,2025-08-15,cust_GFJLgyQYXZ,SKU-2005,2,83878.59,INR,upi,captured,none,0.00,2025-08-15 16:51:58.183,
ord_zE9oBZXdnrF0nU88,2025-08-12,cust_13dCE53iC5,SKU-2001,1,138055.42,INR,upi,captured,none,0.00,2025-08-12 20:14:13.922,
ord_yy5Sij0phXtxqEuV,2025-08-05,cust_lmk8UnwbOi,SKU-2002,4,668.70,INR,visa_mc_domestic,captured,none,0.00,2025-08-05 13:53:04.348,
ord_FmxsFJsntTGATWQI,2025-08-06,cust_ZBVFlUXSYF,SKU-3005,5,49236.06,INR,amex_diners,captured,none,0.00,2025-08-06 13:35:35.524,
ord_gqKQQJKRSwW6semc,2025-08-06,cust_mxUUy18IT6,SKU-1004,4,4858.30,INR,upi,captured,none,0.00,2025-08-06 11:25:21.861,
ord_SrejPXyYHikhqi7c,2025-08-15,cust_qyxZenPosw,SKU-1002,4,121885.20,INR,visa_mc_domestic,captured,none,0.00,2025-08-15 10:51:18.851,
ord_h51ZC8ryk4GPpKli,2025-08-14,cust_7aAQfgjjbY,SKU-3003,5,6507.45,INR,upi,captured,none,0.00,2025-08-14 16:25:48.339,
ord_dS5FztVVwgVGscEC,2025-08-15,cust_Gx5tfiUacx,SKU-3001,2,725.85,INR,visa_mc_domestic,captured,none,0.00,2025-08-15 07:54:21.663,
ord_BmMkYrMuyDG2LUcQ,2025-08-17,cust_YYHVcKpx4k,SKU-3001,2,1954.29,INR,upi,captured,none,0.00,2025-08-17 13:40:20.611,
ord_LqfZIXLnqo9ieITb,2025-08-04,cust_MXioZesbKj,SKU-3003,2,419.88,INR,visa_mc_domestic,captured,none,0.00,2025-08-04 19:00:31.139,
ord_RwjvefjQh9huvbNa,2025-08-15,cust_2BQ1F1HyNt,SKU-3002,3,36359.16,INR,visa_mc_domestic,captured,none,0.00,2025-08-15 18:48:15.304,
ord_KIMMDVRhUrRQ19qF,2025-08-16,cust_1H1Pszvpej,SKU-1005,4,1302.07,INR,upi,captured,none,0.00,2025-08-16 17:58:03.283,
ord_FfR6W6UAvttcpWDh,2025-08-07,cust_QzUjjeVqDG,SKU-3003,4,943.55,INR,upi,captured,none,0.00,2025-08-07 22:52:13.506,
ord_bA7MqIoJ5QoPX4KY,2025-08-08,cust_orAdIOqAry,SKU-3004,4,9777.00,INR,upi,captured,none,0.00,2025-08-08 17:48:14.439,
ord_XtGT2IvuI9IgAobs,2025-08-14,cust_q1FGukX7TI,SKU-1005,1,680.80,INR,upi,captured,none,0.00,2025-08-14 17:58:26.630,
ord_lwq0oSgfuSD37eGe,2025-08-13,cust_5I1jWqv7vB,SKU-1002,1,231.86,INR,upi,captured,none,0.00,2025-08-13 06:56:00.369,
ord_6YRsvaYnhJFE58JU,2025-08-13,cust_nTb7OP5HlD,SKU-3001,2,766.32,INR,upi,captured,none,0.00,2025-08-13 15:53:41.697,
ord_AeVgyQXu2tH3UagQ,2025-08-13,cust_WejWPGjsOf,SKU-1001,1,577.41,INR,visa_mc_domestic,captured,none,0.00,2025-08-13 15:31:29.523,
ord_5L7CxsoNP4TzjHpD,2025-08-07,cust_21vTFcWSwt,SKU-1004,4,4887.43,INR,upi,captured,none,0.00,2025-08-07 18:02:25.070,
ord_wthxJ5BhnqAUvXtT,2025-08-07,cust_78IRCO0Z3c,SKU-3002,1,3021.71,INR,international_card,captured,none,0.00,2025-08-07 14:15:26.503,
ord_yEja7OQTxrtTQEMw,2025-08-13,cust_cZh7MTQHJq,SKU-3004,5,868.74,INR,upi,captured,none,0.00,2025-08-13 07:06:10.460,
ord_Js8YDSyK70iiFGxH,2025-08-04,cust_zXnnkQyBD3,SKU-2003,2,877.82,INR,upi,captured,none,0.00,2025-08-04 18:14:08.202,
ord_H6D5aseXaV4RbJmm,2025-08-14,cust_dFXZnxP9hB,SKU-2002,3,4125.74,INR,upi,captured,none,0.00,2025-08-14 11:26:56.563,
ord_4fYLTN3wD9gv98Go,2025-08-08,cust_D9N0xV00Kk,SKU-3003,3,15987.23,INR,upi,captured,none,0.00,2025-08-08 14:50:58.754,
ord_VjI6zy8hKCDlBdUm,2025-08-16,cust_x1DJrIGgWE,SKU-3002,4,2346.24,INR,upi,captured,none,0.00,2025-08-16 08:45:11.940,
ord_IJ6x7oK8r5wNkKTq,2025-08-06,cust_j0vjLTylnG,SKU-2003,2,1311.23,INR,upi,captured,none,0.00,2025-08-06 10:00:44.971,
ord_8K2Frn2bQPEPGAXt,2025-08-06,cust_VXzwjvNbxC,SKU-1001,3,283.78,INR,upi,captured,none,0.00,2025-08-06 20:31:56.387,
ord_KXth3FkmdB6K3JGM,2025-08-07,cust_tQRODj0JWa,SKU-1005,5,1387.95,INR,upi,captured,none,0.00,2025-08-07 12:35:46.947,
ord_KSF0TYeoFhL2WbQc,2025-08-07,cust_upFVh8ki0y,SKU-2002,5,14363.61,INR,amex_diners,captured,none,0.00,2025-08-07 18:36:03.154,
ord_2dE3sf3xqmHuK98y,2025-08-06,cust_MyJkTtyFii,SKU-3004,3,4668.65,INR,upi,captured,none,0.00,2025-08-06 04:05:43.445,
ord_wmgaZJkv65iGRhVZ,2025-08-10,cust_CRIlrC3UOu,SKU-3005,3,15708.15,INR,upi,captured,none,0.00,2025-08-10 16:36:38.484,
ord_T01q8OSuvTtlFb4Z,2025-08-11,cust_DxErZwgjK2,SKU-1004,1,565.16,INR,visa_mc_domestic,captured,none,0.00,2025-08-11 17:55:23.840,
ord_rQzfnHBXkL1kVK3u,2025-08-15,cust_Kj71oqQZBw,SKU-3003,1,1529.26,INR,upi,captured,none,0.00,2025-08-15 07:01:24.050,
ord_lAPxS7naXVPcpzYG,2025-08-12,cust_ikRqdURURo,SKU-3005,3,613.83,INR,upi,captured,none,0.00,2025-08-12 23:53:53.383,
ord_3xxloqso9QZYCrjL,2025-08-15,cust_w4pf002LGH,SKU-1005,5,6830.68,INR,upi,captured,none,0.00,2025-08-15 16:43:34.653,
ord_3oNN2a2XkcHDnjmd,2025-08-07,cust_gZ1J9V939I,SKU-3004,2,9875.81,INR,international_card,captured,none,0.00,2025-08-07 14:55:43.390,
ord_9TDcMvjJwwIaaadA,2025-08-12,cust_TzLpmPqVHX,SKU-2005,3,859.08,INR,upi,captured,none,0.00,2025-08-12 10:23:00.913,
ord_6cggaqI9euK4yBN9,2025-08-07,cust_HsxXnvmkCG,SKU-3004,1,292.63,INR,visa_mc_domestic,captured,none,0.00,2025-08-07 17:37:32.173,
ord_XhdJrnSppQlIzGsH,2025-08-05,cust_MQgMrSCeM5,SKU-2001,2,737.31,INR,upi,captured,none,0.00,2025-08-05 17:31:12.623,
ord_zpJFfsGPO9ScGKCS,2025-08-16,cust_FvC0pKWbm2,SKU-1002,3,6828.69,INR,visa_mc_domestic,captured,none,0.00,2025-08-16 16:27:47.118,
ord_Yczqda2KIt80G4dj,2025-08-11,cust_l12t3de3bD,SKU-3001,3,894.67,INR,visa_mc_domestic,captured,none,0.00,2025-08-11 10:24:49.367,
ord_vjj8pUgrFpPVpX0i,2025-08-13,cust_fdeKuTURfi,SKU-2002,4,5788.31,INR,visa_mc_domestic,captured,none,0.00,2025-08-13 05:41:59.160,
ord_xb1bHeoGZiAFlmSf,2025-08-07,cust_zy0UvlsWcG,SKU-3001,2,484.11,INR,international_card,captured,none,0.00,2025-08-07 16:29:21.372,
ord_7SgrCKIssGlL5Ycw,2025-08-15,cust_5zkvbo7Ieg,SKU-1001,5,44358.56,INR,visa_mc_domestic,captured,none,0.00,2025-08-15 12:48:26.047,
ord_5w4qKyGolT2ZlqPY,2025-08-09,cust_Il2f0hTtiN,SKU-1004,5,11866.11,INR,upi,captured,none,0.00,2025-08-09 22:28:51.136,
ord_Is8Lhnsvik6sp3h2,2025-08-10,cust_XDDQw8qJDw,SKU-1004,5,851.22,INR,upi,captured,none,0.00,2025-08-10 18:33:06.025,
ord_mpiNoYfxrqCXZwq7,2025-08-04,cust_11bNnrWktM,SKU-3002,2,341.94,INR,upi,captured,none,0.00,2025-08-04 01:16:12.635,
ord_E7tHCRQJ0Ac6C5lv,2025-08-14,cust_wiErg7gwJh,SKU-2002,1,4533.59,INR,international_card,captured,none,0.00,2025-08-14 15:42:19.502,
ord_UWNug9z8Apb4mm7q,2025-08-09,cust_PsBgvffeSo,SKU-2001,5,276.77,INR,upi,captured,none,0.00,2025-08-09 12:50:07.395,
ord_hAEpv1aGhr8wo6uJ,2025-08-11,cust_DxijOQYnaB,SKU-3001,1,3565.69,INR,amex_diners,captured,none,0.00,2025-08-11 16:02:05.075,
ord_DuC0WfRqlR5XyBJN,2025-08-15,cust_SnS271o7A2,SKU-1003,1,658.17,INR,visa_mc_domestic,captured,none,0.00,2025-08-15 12:51:54.558,
ord_h6Su4VZofJNzMLx0,2025-08-17,cust_iSEGseUHoG,SKU-2005,1,26122.51,INR,visa_mc_domestic,captured,none,0.00,2025-08-17 17:35:29.660,
ord_UoqJjy7KTwsnRWqU,2025-08-11,cust_eGoFRz3Mtm,SKU-3002,1,44735.55,INR,international_card,captured,none,0.00,2025-08-11 13:22:49.312,
ord_BkZk4ih9dwWNvtSc,2025-08-12,cust_p0ymKfbL6o,SKU-1003,4,16414.69,INR,upi,captured,none,0.00,2025-08-12 07:23:32.010,
ord_eDWCM4WdcC8Urgzz,2025-08-08,cust_oWozgX4gV1,SKU-2003,4,15230.92,INR,upi,captured,none,0.00,2025-08-08 15:36:11.385,
ord_bOfRJJlyoZUHpdko,2025-08-10,cust_kIf3JK5gZ8,SKU-3001,1,40479.10,INR,upi,captured,none,0.00,2025-08-10 02:02:08.587,
ord_6NlddNZIkvmfKq5k,2025-08-05,cust_Bg4qzlL3l2,SKU-2004,5,5931.90,INR,international_card,captured,none,0.00,2025-08-05 10:24:08.111,
ord_Ilz3wogWCgOxwXkt,2025-08-16,cust_IdO1R2ZLrw,SKU-2005,5,205.76,INR,international_card,captured,none,0.00,2025-08-16 18:36:06.435,
ord_MxZGakQhjl9YMiiL,2025-08-12,cust_Vrt1oubrKN,SKU-2002,3,11140.25,INR,upi,captured,none,0.00,2025-08-12 14:16:19.591,
ord_rJ7AFJ5aDNECX9mg,2025-08-15,cust_KeA05gMwfr,SKU-2005,2,8597.40,INR,international_card,captured,none,0.00,2025-08-15 22:03:49.839,
ord_AJ9wVYkgtEFRz4V7,2025-08-08,cust_ZAKfifVHfP,SKU-2004,5,554.21,INR,visa_mc_domestic,captured,none,0.00,2025-08-08 10:12:29.952,
ord_ivu7cckBHEn9pOT7,2025-08-12,cust_PFpyE5dV3Q,SKU-3002,2,1798.67,INR,upi,captured,none,0.00,2025-08-12 14:44:53.269,
ord_PQOzzWwHE7eA170X,2025-08-09,cust_1e94RNjDxd,SKU-2004,1,2574.87,INR,upi,captured,none,0.00,2025-08-09 14:56:57.588,
ord_wcHgTApXGW1LQQ7V,2025-08-06,cust_uWYbj8qysx,SKU-2004,4,21862.21,INR,upi,captured,none,0.00,2025-08-06 14:13:26.717,
ord_JxKe90gswSijYqDy,2025-08-11,cust_UWi5PBH17M,SKU-2005,5,824.25,INR,visa_mc_domestic,captured,none,0.00,2025-08-11 18:06:28.762,
ord_UfwbEmc71n5alZ4E,2025-08-09,cust_slY3w6ugbK,SKU-3004,1,387.70,INR,upi,captured,none,0.00,2025-08-09 10:20:41.298,
ord_6rEKGD2iBYvFQJo2,2025-08-08,cust_mIzBp1Ud8h,SKU-1005,5,4878.17,INR,upi,captured,none,0.00,2025-08-08 10:47:18.453,
ord_hkcu2anh4dOFTZJA,2025-08-12,cust_RhqeuSvxlx,SKU-2004,3,905.73,INR,visa_mc_domestic,captured,none,0.00,2025-08-12 18:54:08.352,
ord_YKtYXQaOv4yqRuyZ,2025-08-17,cust_nmQmLBDhLG,SKU-1005,2,12271.07,INR,upi,captured,none,0.00,2025-08-17 06:08:18.113,
ord_FANaweXrBEuJQYhL,2025-08-17,cust_HvPvbtCcvg,SKU-1004,4,4844.86,INR,upi,captured,none,0.00,2025-08-17 10:24:53.012,
ord_JtuiHdSWDp8OaAxk,2025-08-10,cust_wdkXFJFm59,SKU-3001,1,715.66,INR,upi,captured,none,0.00,2025-08-10 17:00:02.595,
ord_hGeTinV3tBXsPCri,2025-08-12,cust_hUd1l1Jgby,SKU-2004,3,4103.67,INR,visa_mc_domestic,captured,none,0.00,2025-08-12 16:12:36.191,
ord_XLB1wOsohYgeimUn,2025-08-05,cust_zI2MeGjzog,SKU-3002,5,493.08,INR,amex_diners,captured,none,0.00,2025-08-05 07:42:04.044,
ord_sA5o5zdnWu3yxDmg,2025-08-15,cust_NgGOXLoj6i,SKU-2004,4,12662.83,INR,amex_diners,captured,none,0.00,2025-08-15 06:19:04.967,
ord_Wcp2KLYUJ9bVT9UX,2025-08-16,cust_liNv5P7bYt,SKU-1005,5,308.07,INR,upi,captured,none,0.00,2025-08-16 15:52:46.331,
ord_A9NTv6y4fjjFcJQ3,2025-08-07,cust_jjNEUde3ry,SKU-1002,5,1149.49,INR,amex_diners,captured,none,0.00,2025-08-07 10:51:19.094,
ord_Xw5U2a5Hvu05nnDg,2025-08-09,cust_rJp98ujFaw,SKU-1003,2,2903.42,INR,upi,captured,none,0.00,2025-08-09 14:09:20.514,
ord_DYFfvIIieoMmtPEw,2025-08-09,cust_paVTkBS9m9,SKU-2003,5,235.90,INR,upi,captured,none,0.00,2025-08-09 16:36:05.115,
ord_MXu0GD651yArGbBM,2025-08-12,cust_QdtIrBkpCK,SKU-1005,2,11179.65,INR,upi,captured,none,0.00,2025-08-12 10:34:33.768,
ord_c6Eop4WGS2X8fs4e,2025-08-13,cust_7isC5SeuBq,SKU-2001,3,982.60,INR,visa_mc_domestic,captured,none,0.00,2025-08-13 14:11:12.512,
ord_RDPY9966NVYItgq2,2025-08-14,cust_aTlbIokqMI,SKU-3002,5,30052.25,INR,upi,captured,none,0.00,2025-08-14 10:15:36.156,
ord_I54Ti6HT2tv2ZZb5,2025-08-14,cust_LIB9mllkOB,SKU-1002,4,876.91,INR,visa_mc_domestic,captured,none,0.00,2025-08-14 21:17:09.797,
ord_sX0eILBvAQZu9uE5,2025-08-11,cust_13awlzsY6j,SKU-2004,5,3816.45,INR,upi,captured,none,0.00,2025-08-11 19:31:44.332,
ord_gbzC9gYtifnDSYSz,2025-08-11,cust_DgIzcsHw6r,SKU-1003,4,2803.54,INR,upi,captured,none,0.00,2025-08-11 09:18:39.941,
ord_c332FUosKtFrnFrt,2025-08-12,cust_Xv4joJ1Lsa,SKU-1005,4,344.56,INR,upi,captured,none,0.00,2025-08-12 15:10:24.563,
ord_7AvAeeyleNocblA2,2025-08-08,cust_MLDVJCjlUF,SKU-1002,4,74200.28,INR,upi,captured,none,0.00,2025-08-08 15:35:52.845,
ord_lqkwKcj5FSWXEaiS,2025-08-06,cust_ggrlGtm9dq,SKU-3005,3,4391.19,INR,upi,captured,none,0.00,2025-08-06 08:55:17.337,
ord_g9VIigneLlr8ABmH,2025-08-17,cust_CVxNnqPESi,SKU-3003,1,466.63,INR,visa_mc_domestic,captured,none,0.00,2025-08-17 10:39:26.423,
ord_smBKUUp4xodm3hUw,2025-08-10,cust_SsThMqx3V8,SKU-1005,1,2500.96,INR,visa_mc_domestic,captured,none,0.00,2025-08-10 21:03:53.533,
ord_0jYk1urTBZeOc6NS,2025-08-05,cust_4bBdfL5tgw,SKU-1003,1,14380.24,INR,upi,captured,none,0.00,2025-08-05 12:02:49.206,
ord_9MCY1HTC02U3GvuB,2025-08-16,cust_MRhvpQJH7i,SKU-1002,2,3197.46,INR,upi,captured,none,0.00,2025-08-16 11:57:13.328,
ord_IrRPEmVbIdpGDaLk,2025-08-13,cust_mTysph8ucI,SKU-3004,4,448.31,INR,international_card,captured,none,0.00,2025-08-13 15:44:44.456,
ord_scON1m4Yrpw2cBdV,2025-08-11,cust_lHGyxUoxhY,SKU-2002,2,3191.80,INR,visa_mc_domestic,captured,none,0.00,2025-08-11 19:18:49.356,
ord_XVykwawhOpE5jekc,2025-08-12,cust_7EGyvXeoFy,SKU-3005,5,37264.65,INR,upi,captured,none,0.00,2025-08-12 07:28:11.315,
ord_uocSmbM2Sxq46s49,2025-08-13,cust_HSWiDryW11,SKU-1004,4,8942.68,INR,upi,captured,none,0.00,2025-08-13 00:32:25.867,
ord_sZaNKIi0WZR2HAoI,2025-08-11,cust_nZcwlaLfib,SKU-2001,2,683.66,INR,amex_diners,captured,none,0.00,2025-08-11 16:08:05.140,
ord_etsQ5jCCdWj7Etg1,2025-08-16,cust_glPnppqhjm,SKU-3005,3,1043.13,INR,visa_mc_domestic,captured,none,0.00,2025-08-16 17:29:33.080,
ord_fdta7xRC5utiDdKD,2025-08-08,cust_eHEwPmRPtl,SKU-3005,5,11591.56,INR,visa_mc_domestic,captured,none,0.00,2025-08-08 18:39:01.293,
ord_yQrex1VFI5Je9vOb,2025-08-14,cust_VnuHKYSuuh,SKU-2002,4,1580.60,INR,visa_mc_domestic,captured,none,0.00,2025-08-14 09:36:46.862,
ord_A5bq7qC4n7a41UQG,2025-08-14,cust_utkMUqLhpz,SKU-1001,4,283.13,INR,visa_mc_domestic,captured,none,0.00,2025-08-14 15:29:49.691,
ord_VsPCmDk3NlH7FlXv,2025-08-14,cust_rPc6n5Ra4v,SKU-2001,3,259.20,INR,upi,captured,none,0.00,2025-08-14 14:11:57.113,
ord_DY9QyLE8MYoGhamG,2025-08-11,cust_EtwBeoACYJ,SKU-2001,4,3061.53,INR,upi,captured,none,0.00,2025-08-11 16:06:02.074,
ord_eb0wwhA7ydj5WqYn,2025-08-14,cust_V0vRMi7oSY,SKU-1002,3,4540.86,INR,visa_mc_domestic,captured,none,0.00,2025-08-14 07:34:54.983,
ord_tILskeDhThzb9CDw,2025-08-04,cust_pcq2Jj5CIo,SKU-2003,5,761.04,INR,upi,captured,none,0.00,2025-08-04 12:13:51.669,
ord_An4yGlzDyHkmDMUz,2025-08-15,cust_qhT7NCKDQu,SKU-1003,3,2754.64,INR,amex_diners,captured,none,0.00,2025-08-15 16:20:07.999,
ord_CG0lwAeALFo2Zyvq,2025-08-07,cust_Z6lCLe6mwV,SKU-1001,5,294.01,INR,visa_mc_domestic,captured,none,0.00,2025-08-07 08:17:33.461,
ord_8m19fcmMDGJ04eJ5,2025-08-04,cust_Pm3cGDhJBf,SKU-1002,2,10927.07,INR,upi,captured,none,0.00,2025-08-04 15:18:13.445,
ord_Zu3OGOOZM3EkDbNl,2025-08-06,cust_MWQUBjRGcZ,SKU-3003,3,436.13,INR,upi,captured,none,0.00,2025-08-06 12:08:29.737,
ord_wnlK81F1e9kzRttP,2025-08-09,cust_kJjA8CdvCg,SKU-2003,1,1962.05,INR,amex_diners,captured,none,0.00,2025-08-09 13:14:57.949,
ord_uqZNWO9ApKcjk8cI,2025-08-15,cust_mrAmXqgSur,SKU-2005,5,1828.59,INR,upi,captured,none,0.00,2025-08-15 12:50:55.379,
ord_F2tD6p3GWmWKiErM,2025-08-09,cust_tu2ruvT3fa,SKU-1001,1,2809.64,INR,visa_mc_domestic,captured,none,0.00,2025-08-09 10:07:41.489,
ord_gHsqhSmx6y6E3cE3,2025-08-08,cust_Rre2gmS8hI,SKU-2001,4,3578.74,INR,upi,captured,none,0.00,2025-08-08 21:04:06.168,
ord_LBxzgUjowepgicj3,2025-08-08,cust_XR0JR7mJhL,SKU-1003,2,293.53,INR,upi,captured,none,0.00,2025-08-08 09:16:14.495,
ord_jbWMrp8Jb8hHB5v6,2025-08-09,cust_foS38u9pxt,SKU-3005,4,1449.26,INR,visa_mc_domestic,captured,none,0.00,2025-08-09 09:47:34.999,
ord_3IiTY0bFDnkN6RBh,2025-08-11,cust_MTl64WJ0WX,SKU-1005,3,4910.09,INR,amex_diners,captured,none,0.00,2025-08-11 16:05:32.403,
ord_Ftb9xRx8a3IkFMd1,2025-08-09,cust_FZ4ZisuILX,SKU-2004,4,861.00,INR,amex_diners,captured,none,0.00,2025-08-09 06:37:48.384,
ord_SicBAQ7zdo3ZeqPH,2025-08-08,cust_WdbPq8yXtB,SKU-1005,2,1584.55,INR,visa_mc_domestic,captured,none,0.00,2025-08-08 14:04:38.763,
ord_2IKQa4WRg6fvLFuh,2025-08-17,cust_SqqFjzAgXe,SKU-2001,2,323.64,INR,upi,captured,none,0.00,2025-08-17 11:54:43.819,
ord_zxiq70srxZ4HIBVq,2025-08-06,cust_vVsByN1IOH,SKU-1003,1,4052.09,INR,upi,captured,none,0.00,2025-08-06 18:56:38.535,
ord_EwuCGxfDHPEpuw5M,2025-08-07,cust_JuRjV1wmfE,SKU-3004,5,10288.39,INR,upi,captured,none,0.00,2025-08-07 10:22:01.092,
ord_LR3h8GNfrWkb7LVX,2025-08-07,cust_9HGIvriCUH,SKU-1005,4,2248.03,INR,visa_mc_domestic,captured,none,0.00,2025-08-07 14:26:07.779,
ord_OZ9a13x6WAppYgpH,2025-08-10,cust_58E8Uk9Hzs,SKU-1005,5,4025.21,INR,international_card,captured,none,0.00,2025-08-10 12:37:06.759,
ord_6Wp69fJcHeO6Btze,2025-08-04,cust_USmvogecSe,SKU-2004,3,4237.93,INR,visa_mc_domestic,captured,none,0.00,2025-08-04 22:24:38.695,
ord_h7Ba4XTXcCi1SreI,2025-08-15,cust_poqjd0fYe8,SKU-2005,3,7844.38,INR,upi,captured,none,0.00,2025-08-15 12:48:07.582,
ord_BCzVuB3VGVWVoPok,2025-08-15,cust_KhCoafaBdB,SKU-2001,4,2289.69,INR,upi,captured,none,0.00,2025-08-15 06:19:07.345,
ord_yGpUfvVmWbe0w0hR,2025-08-04,cust_OuF0FUExdN,SKU-3003,1,8018.47,INR,upi,captured,none,0.00,2025-08-04 11:36:25.823,
ord_ahMYmcvLBr1jN7uc,2025-08-14,cust_45tDMcOuv0,SKU-2002,3,46889.82,INR,international_card,captured,none,0.00,2025-08-14 14:39:54.787,
ord_MZzoPlZHLPzciboC,2025-08-06,cust_xoK07eB1Fl,SKU-3004,1,29245.24,INR,visa_mc_domestic,captured,none,0.00,2025-08-06 11:01:16.808,
ord_p2Y00OjfHpjwgeFl,2025-08-16,cust_txu6NGNRZ1,SKU-1001,4,3798.47,INR,upi,captured,none,0.00,2025-08-16 18:21:53.598,
ord_Taq726WsyB7l0p6q,2025-08-16,cust_T7WyH11Y4Y,SKU-3005,3,4745.29,INR,upi,captured,none,0.00,2025-08-16 16:16:35.393,
ord_ON34n2vZC1z6dZ0s,2025-08-17,cust_fVlytcBDnn,SKU-3003,2,360.06,INR,upi,captured,none,0.00,2025-08-17 07:10:44.267,
ord_TFJg8zv0qxTdtQqz,2025-08-16,cust_L262N65om4,SKU-2003,2,881.46,INR,upi,captured,none,0.00,2025-08-16 11:05:26.376,
ord_YaQFW6Hsa5cpHsL1,2025-08-16,cust_I1l9RpZZJR,SKU-1005,2,4629.31,INR,visa_mc_domestic,captured,none,0.00,2025-08-16 11:47:31.391,
ord_koFd28YNXalEiD5d,2025-08-09,cust_ryAfX8pI3C,SKU-1003,3,594.27,INR,upi,captured,none,0.00,2025-08-09 23:42:51.612,
ord_2ITgIHCH2zu5R2mv,2025-08-08,cust_T9vJ0oxDJO,SKU-1001,4,764.77,INR,visa_mc_domestic,captured,none,0.00,2025-08-08 14:27:57.168,
ord_H3eb9icGsJVMRzuy,2025-08-13,cust_9AvL5PeFUR,SKU-3001,1,3361.35,INR,upi,captured,none,0.00,2025-08-13 20:37:13.597,
ord_zJFzoc7kA8o6Utt7,2025-08-13,cust_nUDE7XYL71,SKU-1002,1,20702.92,INR,upi,captured,none,0.00,2025-08-13 08:55:03.820,
ord_Yo7JSxt54lWFWMbY,2025-08-08,cust_aWLnFf8pos,SKU-3005,4,3588.90,INR,upi,captured,none,0.00,2025-08-08 14:27:05.774,
ord_Sb4dJH30gSCECGaF,2025-08-14,cust_PFfHpLLYF2,SKU-1005,3,2819.99,INR,upi,captured,none,0.00,2025-08-14 16:52:16.363,
ord_byV4yNE8QpaBYAoc,2025-08-10,cust_em8WpqYSHA,SKU-1002,1,6882.21,INR,upi,captured,none,0.00,2025-08-10 19:47:38.743,
ord_MoobmwLScdBKJr7d,2025-08-17,cust_jzDAns80tk,SKU-2004,3,519.74,INR,visa_mc_domestic,captured,none,0.00,2025-08-17 13:15:12.301,
ord_klqyesgaTD3Zde6V,2025-08-15,cust_LVON4Vl0oI,SKU-1005,4,174962.11,INR,upi,captured,none,0.00,2025-08-15 13:10:18.743,
ord_oWd8KMqFdKJex6eO,2025-08-12,cust_QpK1fyUHOi,SKU-2003,3,167732.87,INR,upi,captured,none,0.00,2025-08-12 04:01:22.902,
ord_C2QJqfpr5bc0GGlw,2025-08-05,cust_KHMWtrve1J,SKU-2001,3,6229.83,INR,upi,captured,none,0.00,2025-08-05 18:02:32.107,
ord_bZvPyVfFXuWpJuaO,2025-08-16,cust_c0xWBJAx6F,SKU-2001,4,74648.70,INR,upi,captured,none,0.00,2025-08-16 13:58:26.919,
ord_YC5Jj88x28Z2r2sT,2025-08-09,cust_lJZn3mmbVy,SKU-3001,4,13809.75,INR,upi,captured,none,0.00,2025-08-09 00:17:57.540,
ord_CUstH9RFiguJBxkO,2025-08-16,cust_t0QfHu6bjA,SKU-2001,2,14890.00,INR,amex_diners,captured,none,0.00,2025-08-16 11:27:32.113,
ord_s6p0OSpyjIXtGgLw,2025-08-11,cust_ZFaINEpYiw,SKU-3004,3,3545.84,INR,visa_mc_domestic,captured,none,0.00,2025-08-11 07:45:27.848,
ord_q6tZKfec8fgrcCJi,2025-08-05,cust_WRgHSXSBIw,SKU-2002,1,25680.74,INR,upi,captured,none,0.00,2025-08-05 15:26:07.123,
ord_NyeHV1Zjj3wdslvf,2025-08-11,cust_1UxpZOYh73,SKU-3002,3,4463.81,INR,upi,captured,none,0.00,2025-08-11 17:42:28.152,
ord_BnvTnnF7hu7gufBo,2025-08-12,cust_Mz0jFhTke5,SKU-2001,4,219.25,INR,visa_mc_domestic,captured,none,0.00,2025-08-12 10:01:17.805,
ord_TPHGKIPFTZKmUBDY,2025-08-09,cust_XzHMukeuXH,SKU-1001,3,2628.31,INR,visa_mc_domestic,captured,none,0.00,2025-08-09 08:57:20.264,
ord_Bn4BikGvoHjb0fwI,2025-08-12,cust_77iCy7moKD,SKU-3005,4,400.71,INR,upi,captured,none,0.00,2025-08-12 23:50:15.550,
ord_XVnkfCtiSYHIiRal,2025-08-16,cust_QucP8VclAq,SKU-3001,1,1017.12,INR,upi,captured,none,0.00,2025-08-16 11:43:21.650,
ord_pZ3rvhwoEBzppVyz,2025-08-09,cust_rAc6bNBR5W,SKU-1002,5,4233.66,INR,upi,captured,none,0.00,2025-08-09 12:53:49.831,
ord_OeWR4rMMyY1jeioj,2025-08-14,cust_HEQjOgwLq9,SKU-3002,5,3722.72,INR,visa_mc_domestic,captured,none,0.00,2025-08-14 15:11:04.602,
ord_Aapo0U0ZHgegCsC4,2025-08-12,cust_U2y9Nq74MU,SKU-1002,1,545.56,INR,upi,captured,none,0.00,2025-08-12 13:00:25.199,
ord_kmUPGOVDUx6wmvmj,2025-08-05,cust_T0EH4bSmEq,SKU-2004,1,505.16,INR,upi,captured,none,0.00,2025-08-05 22:58:02.386,
ord_mZ1wmccamGopBgkG,2025-08-04,cust_04HfWdmLIC,SKU-1003,3,3052.50,INR,international_card,captured,none,0.00,2025-08-04 15:04:37.808,
ord_uT2wJTVWAkqDfz1a,2025-08-07,cust_wVpr8lUj7m,SKU-2002,3,563.44,INR,upi,captured,none,0.00,2025-08-07 22:40:58.206,
ord_e5nqcNdvyyXYzAAW,2025-08-12,cust_n4W8MRNQK0,SKU-1004,2,340.86,INR,upi,captured,none,0.00,2025-08-12 07:18:28.199,
ord_4BqXwG6SOyo68922,2025-08-05,cust_xLXXl8PCmL,SKU-2004,3,8276.81,INR,upi,captured,none,0.00,2025-08-05 08:56:59.133,
ord_nRHfketwxmKY2uXg,2025-08-06,cust_d7dknxoM3c,SKU-1004,4,540.02,INR,visa_mc_domestic,captured,none,0.00,2025-08-06 11:23:33.711,
ord_j6XiIFbVkcmacZxT,2025-08-10,cust_oWF0fnw5GE,SKU-1001,5,357.32,INR,upi,captured,none,0.00,2025-08-10 02:28:14.271,
ord_Puv0LlI1shQvRV96,2025-08-17,cust_o961OsNOki,SKU-2003,4,1343.50,INR,upi,captured,none,0.00,2025-08-17 15:41:00.483,
ord_a6Zb0BI2SteoVNau,2025-08-16,cust_kjBI89jx4j,SKU-2002,4,512.51,INR,visa_mc_domestic,captured,none,0.00,2025-08-16 17:34:19.333,
ord_XdU7nSKpLzlBM4XM,2025-08-08,cust_WAU4Y9IZuY,SKU-3005,2,364.54,INR,visa_mc_domestic,captured,none,0.00,2025-08-08 16:04:29.058,
ord_ypJjTMscM9bzlPUj,2025-08-11,cust_Fo4V0xYz0Z,SKU-1003,5,9578.28,INR,international_card,captured,none,0.00,2025-08-11 13:36:02.754,
ord_LjY6O1QmS4rsNe9i,2025-08-09,cust_wZKMCBnpcV,SKU-2002,2,1042.95,INR,upi,captured,none,0.00,2025-08-09 06:06:32.784,
ord_rIpccFosbdRKzlKH,2025-08-15,cust_AQbLs3hbCn,SKU-2004,1,2233.30,INR,upi,captured,none,0.00,2025-08-15 12:04:42.781,
ord_lDXMP4MABAyqD7Fz,2025-08-14,cust_fyUmm5YaOG,SKU-2001,2,723.19,INR,upi,captured,none,0.00,2025-08-14 09:10:02.425,
ord_YcEyoWENSl8Gh90K,2025-08-05,cust_q8rUn2T0dU,SKU-2005,5,3044.10,INR,upi,captured,none,0.00,2025-08-05 15:40:44.397,
ord_Ok9Om3TtumDXSJMC,2025-08-15,cust_URnvg8oRB0,SKU-2001,3,631.45,INR,upi,captured,none,0.00,2025-08-15 15:28:47.898,
ord_9xrN2gLnEe7D96HK,2025-08-12,cust_facKMalSj7,SKU-1004,3,31840.97,INR,visa_mc_domestic,captured,none,0.00,2025-08-12 18:59:13.241,
ord_YKbftvyxBX0v5kJt,2025-08-08,cust_XlEIdJLAfs,SKU-2003,4,47909.97,INR,upi,captured,none,0.00,2025-08-08 12:19:29.290,
ord_XenkZC5XjMbP4sfe,2025-08-15,cust_5tPCynproQ,SKU-2003,2,681.72,INR,international_card,captured,none,0.00,2025-08-15 12:03:41.394,
ord_0Avn4Yk3gLazPS7o,2025-08-10,cust_2tFnwVIu5Y,SKU-1005,1,172458.41,INR,upi,captured,none,0.00,2025-08-10 15:46:26.770,
ord_GvZZRaKLIefGjNMu,2025-08-16,cust_Zmm1KSXRVk,SKU-2003,4,6008.09,INR,upi,captured,none,0.00,2025-08-16 17:16:57.892,
ord_Q7pwCNxXg7QeulUq,2025-08-09,cust_WYl82xA1Yz,SKU-3005,2,298.32,INR,visa_mc_domestic,captured,none,0.00,2025-08-09 23:52:15.963,
ord_RryWmodZL97yBWCy,2025-08-09,cust_YlFa55914t,SKU-1005,5,314.53,INR,visa_mc_domestic,captured,none,0.00,2025-08-09 16:14:38.496,
ord_2wsBeFz99c37dhPK,2025-08-14,cust_B5UXRsp6pp,SKU-3005,5,2967.84,INR,upi,captured,none,0.00,2025-08-14 16:06:27.732,
ord_UNj5EV4usow7bOQS,2025-08-05,cust_L6jHTXtTkL,SKU-2002,4,2460.10,INR,upi,captured,none,0.00,2025-08-05 07:47:37.959,
ord_5HpkGA0TySNqJRu0,2025-08-17,cust_fqQ0jnNS7D,SKU-3003,3,773.41,INR,upi,captured,none,0.00,2025-08-17 16:38:20.316,
ord_5Nt5w1tSy4JBYadV,2025-08-10,cust_R5rhGUx1D5,SKU-1005,4,10771.57,INR,visa_mc_domestic,captured,none,0.00,2025-08-10 12:33:46.289,
ord_rSINutAtjq9J6a05,2025-08-05,cust_D8ok8mZCOe,SKU-3002,5,147919.55,INR,visa_mc_domestic,captured,none,0.00,2025-08-05 12:30:11.967,
ord_w9pFcyXnbAHHn4Nk,2025-08-13,cust_xLenajGD4x,SKU-1003,4,5197.46,INR,amex_diners,captured,none,0.00,2025-08-13 13:44:47.096,
ord_ywgDzhyouMoH1rAb,2025-08-09,cust_oFPuFHS7K8,SKU-3001,1,236.93,INR,visa_mc_domestic,captured,none,0.00,2025-08-09 08:08:36.211,
ord_4ShIeT49lfqpCCI1,2025-08-07,cust_kRtaiQoKc6,SKU-3001,4,20013.54,INR,upi,captured,none,0.00,2025-08-07 21:38:35.221,
ord_Et9rLXoylaJ9aBlE,2025-08-05,cust_EnWUQ1NAX8,SKU-2002,1,6235.03,INR,visa_mc_domestic,captured,none,0.00,2025-08-05 14:43:35.416,
ord_tTyegr1il3K6YVt8,2025-08-12,cust_dHAfJHXtDs,SKU-2001,2,9182.44,INR,visa_mc_domestic,captured,none,0.00,2025-08-12 14:56:54.412,
ord_L9xfRa62yS16ZTFE,2025-08-15,cust_Duie27aftd,SKU-2004,5,9054.71,INR,amex_diners,captured,none,0.00,2025-08-15 10:05:10.589,
ord_LzAahV9o596qCbK5,2025-08-16,cust_WIVDeK8Uqz,SKU-3004,1,586.50,INR,upi,captured,none,0.00,2025-08-16 14:14:11.076,
ord_NtjNS5nzCcmeWmUV,2025-08-04,cust_VGeFfJHeJo,SKU-1004,4,2197.14,INR,visa_mc_domestic,captured,none,0.00,2025-08-04 12:46:11.411,
ord_3hQ9obIuA2rGRIaU,2025-08-04,cust_pQaixsUv2f,SKU-3005,4,966.14,INR,upi,captured,none,0.00,2025-08-04 09:12:30.982,
ord_HVAqDzalAdRFamtL,2025-08-08,cust_PyMryrfL9k,SKU-3001,2,305.84,INR,upi,captured,none,0.00,2025-08-08 17:55:16.717,
ord_QLJBM1Xgr8NaDaDG,2025-08-09,cust_P3LAoTRRla,SKU-1005,4,2217.43,INR,upi,captured,none,0.00,2025-08-09 11:22:45.428,
ord_pqvIWyuklORkFGnl,2025-08-04,cust_yLbG6mSdvh,SKU-1003,1,534.57,INR,upi,captured,none,0.00,2025-08-04 15:58:56.670,
ord_P20483bs4EZ5fBlr,2025-08-06,cust_8LyehfEbfi,SKU-2002,4,1827.70,INR,upi,captured,none,0.00,2025-08-06 11:36:03.813,
ord_JNr2xcrgSNriKCOC,2025-08-06,cust_QxnPzhAVlW,SKU-1002,5,306.89,INR,amex_diners,captured,none,0.00,2025-08-06 21:17:59.136,
ord_S9mAWtRPAo16ksq6,2025-08-08,cust_MbUMn1Ybta,SKU-1003,4,345.21,INR,upi,captured,none,0.00,2025-08-08 19:40:38.564,
ord_yKj6LRT2yqLIacnY,2025-08-15,cust_AGXGAz5IvQ,SKU-3001,5,973.09,INR,upi,captured,none,0.00,2025-08-15 14:46:48.827,
ord_hy0FIv3yTdPhQhBC,2025-08-12,cust_ZANOXVR5qq,SKU-3002,1,4963.07,INR,upi,captured,none,0.00,2025-08-12 11:32:56.856,
ord_G7WmH553lLglqJpS,2025-08-17,cust_4p5ysEA5Jo,SKU-2001,2,3885.37,INR,visa_mc_domestic,captured,none,0.00,2025-08-17 11:56:06.277,
ord_yHatIUHvVed8lnI6,2025-08-07,cust_hhyXkajqur,SKU-1004,3,995.12,INR,upi,captured,none,0.00,2025-08-07 12:35:31.551,
ord_WdIG4W0wIczi5aNN,2025-08-15,cust_XB7XrpEz1B,SKU-2001,2,261.65,INR,amex_diners,captured,none,0.00,2025-08-15 08:44:45.146,
ord_zZvdIg6dsbnAGDnl,2025-08-06,cust_a6csPjSO5Q,SKU-1002,5,4804.29,INR,upi,captured,none,0.00,2025-08-06 14:00:25.852,
ord_NmNLui0ydTnzKxoM,2025-08-05,cust_0BRhEluTin,SKU-1001,2,981.33,INR,amex_diners,captured,none,0.00,2025-08-05 07:23:38.797,
ord_C9dCFT8u7fTYWIpU,2025-08-15,cust_JkXk0RJc2F,SKU-3002,2,43261.66,INR,international_card,captured,none,0.00,2025-08-15 14:32:51.793,
ord_Is9f9lgvbISm6Csq,2025-08-07,cust_7j9GAvT1x3,SKU-2003,1,1678.87,INR,upi,captured,none,0.00,2025-08-07 10:39:38.076,
ord_KRWFLvPdP2oIHjC1,2025-08-10,cust_HW07XqfQ2q,SKU-2005,1,7448.17,INR,amex_diners,captured,none,0.00,2025-08-10 12:39:58.696,
ord_A0SJYEYcFcn3cFt4,2025-08-10,cust_DVlNtHch6J,SKU-1004,3,4951.24,INR,upi,captured,none,0.00,2025-08-10 17:12:25.336,
ord_X6WadD17qQnFEZSs,2025-08-17,cust_QzF3VuKVZd,SKU-3002,2,115517.60,INR,upi,captured,none,0.00,2025-08-17 13:13:42.914,
ord_jzi3MsjIpztztA35,2025-08-11,cust_pQs961nnjC,SKU-3002,2,3184.34,INR,upi,captured,none,0.00,2025-08-11 19:07:50.993,
ord_lNNLq7WWSTyHe9ZV,2025-08-17,cust_HKaKkhX0qb,SKU-1005,5,46705.90,INR,upi,captured,none,0.00,2025-08-17 14:33:48.343,
ord_9xGomZeu5GbkCRaN,2025-08-11,cust_dH74ZyrtAX,SKU-1004,5,903.69,INR,upi,captured,none,0.00,2025-08-11 14:07:12.876,
ord_T34pA4CBx0gtTKja,2025-08-12,cust_YD5a6YtYTJ,SKU-1004,1,6263.30,INR,upi,captured,none,0.00,2025-08-12 22:12:39.659,
ord_nw0mQi6MFbmkBr5E,2025-08-10,cust_nwLoNM0tyX,SKU-1005,1,947.98,INR,international_card,captured,none,0.00,2025-08-10 02:46:08.464,
ord_B91G5HIQLE04MGxZ,2025-08-11,cust_a3nbJS4on0,SKU-1002,3,122586.65,INR,amex_diners,captured,none,0.00,2025-08-11 21:04:13.703,
ord_lAgPHlhgvNW3BIFq,2025-08-06,cust_Frocyb65PM,SKU-3004,3,65434.19,INR,upi,captured,none,0.00,2025-08-06 11:30:12.976,
ord_kKMsabkQTGXMV3yb,2025-08-04,cust_Szn7VBLUxW,SKU-1002,2,8719.64,INR,upi,captured,none,0.00,2025-08-04 21:16:37.419,
ord_TAqsNjTOERNNis6y,2025-08-14,cust_qayMDeCRHc,SKU-2005,3,1945.69,INR,upi,captured,none,0.00,2025-08-14 06:57:41.431,
ord_Rn194R0Y34CnEFxs,2025-08-08,cust_iTlYrc07HX,SKU-2005,1,238.27,INR,upi,captured,none,0.00,2025-08-08 11:22:25.081,
ord_I91sOFsyyhAqD2CC,2025-08-08,cust_xXr5kHTJk0,SKU-3005,4,3672.94,INR,visa_mc_domestic,captured,none,0.00,2025-08-08 06:21:44.627,
ord_gjo8TtOQSFi2otME,2025-08-11,cust_dXeVyvfT6r,SKU-3001,2,6056.60,INR,upi,captured,none,0.00,2025-08-11 06:00:42.221,
ord_NW81fwLRKT1oJ2uO,2025-08-11,cust_gVHiVNYaUb,SKU-2001,1,506.02,INR,visa_mc_domestic,captured,none,0.00,2025-08-11 10:01:30.677,
ord_MLKRlgGDPGH3jOgR,2025-08-13,cust_Gt2QMwVRkt,SKU-1002,2,3801.88,INR,visa_mc_domestic,captured,none,0.00,2025-08-13 16:25:25.402,
ord_t0qKqKUc7paB82Kv,2025-08-04,cust_ePGyj9zgKJ,SKU-1002,1,3944.75,INR,visa_mc_domestic,captured,none,0.00,2025-08-04 15:30:37.001,
ord_eVhpPczSUgp10eQg,2025-08-14,cust_oIePt8WuM7,SKU-3001,1,181571.61,INR,upi,captured,none,0.00,2025-08-14 02:26:54.225,
ord_h492K4VUk6RLjrzH,2025-08-16,cust_R8eqcJ7mpS,SKU-1005,1,5155.92,INR,upi,captured,none,0.00,2025-08-16 13:50:50.355,
ord_NzHeAVzDI2wf7i7s,2025-08-06,cust_4SB5PqXY43,SKU-3005,3,1693.21,INR,visa_mc_domestic,captured,none,0.00,2025-08-06 23:12:27.599,
ord_qTjqMIiSFjmhX2bI,2025-08-11,cust_sdaaZBi7au,SKU-2005,3,10803.22,INR,visa_mc_domestic,captured,none,0.00,2025-08-11 16:32:59.701,
ord_HhjSuYYAy2cDDzoU,2025-08-05,cust_UDtptDMIte,SKU-1004,2,2243.56,INR,upi,captured,none,0.00,2025-08-05 18:36:30.707,
ord_xmMEJ2gPGBfY5SdL,2025-08-07,cust_lboHJBIuOf,SKU-3002,5,584.37,INR,upi,captured,none,0.00,2025-08-07 18:34:16.841,
ord_p7epYrGZaBciASn3,2025-08-13,cust_7dsR8W1fVr,SKU-2002,5,724.74,INR,visa_mc_domestic,captured,none,0.00,2025-08-13 13:58:58.363,
ord_oic1Iwo5E0d7lLrf,2025-08-14,cust_kkkzEBtOpe,SKU-3001,4,1926.14,INR,upi,captured,none,0.00,2025-08-14 14:08:44.331,
ord_ytO3K3uaDlH0Evl0,2025-08-06,cust_IniMeqNuag,SKU-3003,2,219.39,INR,upi,captured,none,0.00,2025-08-06 11:44:28.386,
ord_FCIAwj1Vq7tgLMzf,2025-08-09,cust_xbm2jHgGeD,SKU-2004,3,857.06,INR,upi,captured,none,0.00,2025-08-09 15:35:54.141,
ord_5PrE28Ej05fYDrGd,2025-08-08,cust_QUvIht5p2O,SKU-1002,5,39608.18,INR,upi,captured,none,0.00,2025-08-08 16:02:21.431,
ord_yVEZt53dIsGeNVdw,2025-08-07,cust_wMlXqBdYXH,SKU-3002,4,1462.33,INR,upi,captured,none,0.00,2025-08-07 02:03:01.792,
ord_38WMbDOkOu3xj9As,2025-08-17,cust_LCVoPSldHE,SKU-1005,5,764.20,INR,visa_mc_domestic,captured,none,0.00,2025-08-17 05:03:08.449,
ord_31bSWi1P3ThGVZ6e,2025-08-05,cust_gSiHswCObv,SKU-1002,1,1135.02,INR,upi,captured,none,0.00,2025-08-05 10:08:53.999,
ord_kS7D0XBXbNXohoBv,2025-08-04,cust_54ykuVzaat,SKU-3002,1,10532.94,INR,upi,captured,none,0.00,2025-08-04 20:48:57.344,
ord_5R9hasvQ7c9O4RqR,2025-08-07,cust_YmWowylHjT,SKU-1005,2,1069.07,INR,upi,captured,none,0.00,2025-08-07 17:18:21.584,
ord_c7d0ND6RlTDLvR1H,2025-08-14,cust_DHCq1jCsDs,SKU-1005,3,875.94,INR,visa_mc_domestic,captured,none,0.00,2025-08-14 09:55:39.671,
ord_hCOGfHEMjzqEaRBl,2025-08-09,cust_X6SBWSJkGN,SKU-2001,5,12420.43,INR,amex_diners,captured,none,0.00,2025-08-09 12:26:57.667,
ord_s6XkoJvo779j9nth,2025-08-05,cust_logTMj4Ux8,SKU-1004,4,4889.59,INR,upi,captured,none,0.00,2025-08-05 19:33:51.052,
ord_Ot2WVf4olbZjzHhw,2025-08-10,cust_QRTFa8jnv3,SKU-3005,4,296.63,INR,upi,captured,none,0.00,2025-08-10 16:42:08.620,
ord_vsdG1zBKEfgYaHrO,2025-08-08,cust_UlGsE564nt,SKU-2002,3,12001.14,INR,upi,captured,none,0.00,2025-08-08 08:57:52.919,
ord_Lv46F3kWoXbfk6GS,2025-08-09,cust_j0aUTLIyt9,SKU-1004,4,3300.55,INR,amex_diners,captured,none,0.00,2025-08-09 04:33:57.537,
ord_TVKReNK6QlGORFif,2025-08-06,cust_3hMeyWR6ab,SKU-1003,4,287.69,INR,upi,captured,none,0.00,2025-08-06 02:57:02.982,
ord_4H3eFIRp8xuNEJUc,2025-08-15,cust_q3CGrgLizm,SKU-3001,1,669.07,INR,upi,captured,none,0.00,2025-08-15 14:49:04.723,
ord_pQJytRM261uAEiML,2025-08-10,cust_kneoLSOSex,SKU-2002,5,2923.84,INR,upi,captured,none,0.00,2025-08-10 16:39:24.646,
ord_N73vabPaK7oVYH20,2025-08-17,cust_BQN0ZiUpZy,SKU-2002,4,243.71,INR,visa_mc_domestic,captured,none,0.00,2025-08-17 13:26:43.240,
ord_tVyTZjKMm6mUlBsx,2025-08-05,cust_viogWMJh1O,SKU-3003,2,26602.57,INR,upi,captured,none,0.00,2025-08-05 17:21:58.361,
ord_iPA0ugfxCRBnqCuy,2025-08-10,cust_21EfrtBuh4,SKU-1002,5,6942.84,INR,amex_diners,captured,none,0.00,2025-08-10 16:08:52.758,
ord_1wauScG8jXaNZRRr,2025-08-12,cust_YXhGN8YOWi,SKU-3001,3,4238.72,INR,upi,captured,none,0.00,2025-08-12 10:01:31.745,
ord_FK1ePImdsjOvPTUJ,2025-08-09,cust_AquxhToTrf,SKU-3004,1,29899.57,INR,upi,captured,none,0.00,2025-08-09 16:38:26.892,
ord_XuKuKb8CaKxeuhYS,2025-08-10,cust_pgmXoIgMms,SKU-2004,5,570.30,INR,upi,captured,none,0.00,2025-08-10 23:46:59.901,
ord_5s0IgzAZJE8TLrhU,2025-08-04,cust_ViOm5Ry1kS,SKU-2005,4,34638.93,INR,international_card,captured,none,0.00,2025-08-04 15:38:10.068,
ord_oEJtRQGxkvUvkRy2,2025-08-14,cust_w9FxJK2U3D,SKU-2004,4,2886.76,INR,upi,captured,none,0.00,2025-08-14 20:13:10.002,
ord_fHiXXdTgg2076zs0,2025-08-12,cust_qiaVBWcptN,SKU-2004,2,1716.02,INR,upi,captured,none,0.00,2025-08-12 13:44:50.256,
ord_9MWMkU44fAQonY9r,2025-08-08,cust_159ned2uyC,SKU-1001,5,20361.71,INR,upi,captured,none,0.00,2025-08-08 15:36:52.031,
ord_K0FzHbsT1R0otUp3,2025-08-15,cust_WApZpDLvJQ,SKU-1003,4,686.82,INR,upi,captured,none,0.00,2025-08-15 09:37:46.966,
ord_fKuzAQVVjrjcHFtL,2025-08-13,cust_wNXFsPzn3L,SKU-3003,2,2517.24,INR,upi,captured,none,0.00,2025-08-13 15:01:49.173,
ord_LITOL2KSrQejVnbn,2025-08-17,cust_Jj9aoqRV8i,SKU-3002,3,818.73,INR,upi,captured,none,0.00,2025-08-17 09:53:37.394,
ord_NQ5gndcUio3TGW3J,2025-08-11,cust_LWKhubmkrt,SKU-2003,2,498.57,INR,upi,captured,none,0.00,2025-08-11 12:41:57.102,
ord_dYC5O55GaQjkKKSl,2025-08-15,cust_IpwDFxIVYc,SKU-3001,2,337.65,INR,upi,captured,none,0.00,2025-08-15 21:12:36.769,
ord_EOMFPq0XdVdqr4pz,2025-08-15,cust_HvIv3ytaYE,SKU-2003,5,908.47,INR,upi,captured,none,0.00,2025-08-15 10:58:06.396,
ord_vWVzlu4oILNaVoaR,2025-08-10,cust_7aKqzcFqG1,SKU-3003,1,302.99,INR,visa_mc_domestic,captured,none,0.00,2025-08-10 16:30:02.267,
ord_Xce7YvSQnlxbXdUh,2025-08-09,cust_v1EA6rPfm2,SKU-2002,1,1159.38,INR,visa_mc_domestic,captured,none,0.00,2025-08-09 07:11:27.544,
ord_cDlWapvBQSZbSCGt,2025-08-12,cust_hHIe3Vcm44,SKU-3005,5,1162.56,INR,upi,captured,none,0.00,2025-08-12 17:15:11.086,
ord_XJ8n2X8E5uaB6Po2,2025-08-17,cust_j9mhxrDjN5,SKU-1005,2,737.15,INR,amex_diners,captured,none,0.00,2025-08-17 20:07:50.196,
ord_YLRAMwoRcwnGNrNl,2025-08-15,cust_akhdiVTzJ0,SKU-2003,2,1680.05,INR,visa_mc_domestic,captured,none,0.00,2025-08-15 16:52:29.602,
ord_PC07niVM9WSTpBmK,2025-08-09,cust_uRu9XhX6HY,SKU-1004,1,1714.49,INR,upi,captured,none,0.00,2025-08-09 14:26:48.023,
ord_v98iVN3Rvnpqnnfh,2025-08-07,cust_R5J2YAzvoq,SKU-1002,4,2672.40,INR,visa_mc_domestic,captured,none,0.00,2025-08-07 19:31:48.475,
ord_ZnmIm9lt6UPjdFWu,2025-08-16,cust_L4csOdsMIE,SKU-1001,2,2836.77,INR,upi,captured,none,0.00,2025-08-16 16:35:32.884,
ord_l9x8fGlU5Jc7ACp1,2025-08-11,cust_72hsl9sbzD,SKU-3003,4,12251.51,INR,upi,captured,none,0.00,2025-08-11 19:04:50.427,
ord_WsfoaHJQzuGKZV4x,2025-08-07,cust_E3ePQSbwrj,SKU-2005,1,6480.24,INR,upi,captured,none,0.00,2025-08-07 11:21:41.710,
ord_B2isTsjSspJxHl1P,2025-08-07,cust_JAWf1gd38n,SKU-2005,5,2497.45,INR,visa_mc_domestic,captured,none,0.00,2025-08-07 02:13:37.310,
ord_o1deXpENMJltHMej,2025-08-14,cust_yw3tWCm7fQ,SKU-2004,5,48965.30,INR,upi,captured,none,0.00,2025-08-14 20:53:47.866,
ord_bgPxL61OsL8QRut4,2025-08-06,cust_PvdG2DwEdb,SKU-2003,2,671.50,INR,amex_diners,captured,none,0.00,2025-08-06 14:03:13.233,
ord_ejk1G2wMxmcAuleK,2025-08-12,cust_QgVqfmGuLA,SKU-3005,5,1652.52,INR,upi,captured,none,0.00,2025-08-12 13:18:41.306,
ord_vpF1VqyMGOTSvdq5,2025-08-07,cust_LYKJpUgdkZ,SKU-3002,3,410.28,INR,upi,captured,none,0.00,2025-08-07 15:09:20.160,
ord_WStzTTivA6DZoIcR,2025-08-17,cust_PzBaXitxmb,SKU-1005,1,328.33,INR,upi,captured,none,0.00,2025-08-17 16:13:42.733,
ord_dsd8Coq4eRlXGnRW,2025-08-08,cust_E8tz2kjibU,SKU-2004,3,4269.24,INR,upi,captured,none,0.00,2025-08-08 07:08:56.767,
ord_BvEwsT04b2LdcUqr,2025-08-08,cust_HZYeCg4fBb,SKU-1001,5,26447.45,INR,visa_mc_domestic,captured,none,0.00,2025-08-08 15:59:01.143,
ord_ejntj8wgx0F5l9uv,2025-08-10,cust_2toEoVgqya,SKU-1001,4,1025.42,INR,visa_mc_domestic,captured,none,0.00,2025-08-10 18:29:28.910,
ord_BNaQNpUcpvjV21Jv,2025-08-07,cust_l0wh7UTOMS,SKU-2002,3,935.90,INR,upi,captured,none,0.00,2025-08-07 11:06:01.546,
ord_WI3bzXbutXbYMXyF,2025-08-06,cust_HuHeluTL9x,SKU-2001,4,289.59,INR,visa_mc_domestic,captured,none,0.00,2025-08-06 14:37:46.528,
ord_BXa7GWTE6oOroy2A,2025-08-08,cust_IPjHJrvDx1,SKU-3001,3,2659.51,INR,upi,captured,none,0.00,2025-08-08 17:57:20.046,
ord_ZKgJypW5wBMZX0mB,2025-08-04,cust_tIZhvsKGVN,SKU-2002,1,580.55,INR,visa_mc_domestic,captured,none,0.00,2025-08-04 11:56:30.035,
ord_1hIlnTd3HoWmsdu0,2025-08-07,cust_6NFFZ2GOLo,SKU-2001,4,10199.17,INR,amex_diners,captured,none,0.00,2025-08-07 08:32:08.824,
ord_9Q3UXJt0uxnx8Anz,2025-08-07,cust_d1L18Z9cQb,SKU-3002,3,10144.91,INR,upi,captured,none,0.00,2025-08-07 09:20:00.585,
ord_U3PyeippVgDWn7HO,2025-08-11,cust_S2Tb9F1fY6,SKU-2004,2,744.46,INR,upi,captured,none,0.00,2025-08-11 18:07:35.729,
ord_BtVlJ1gxWO6gXGKn,2025-08-13,cust_J6l1R76S38,SKU-3005,4,1544.48,INR,upi,captured,none,0.00,2025-08-13 10:59:48.733,
ord_APiT5m7DZIyvy6Pw,2025-08-14,cust_zE7R3Ht6Jb,SKU-3001,3,5107.69,INR,upi,captured,none,0.00,2025-08-14 13:37:12.254,
ord_ggvlObyhlJ2us26C,2025-08-17,cust_aKs1eSgFt7,SKU-3004,3,879.97,INR,visa_mc_domestic,captured,none,0.00,2025-08-17 20:07:40.477,
ord_z7an1RsRPfaz8FGx,2025-08-07,cust_pGwrizXg5X,SKU-2005,1,4174.40,INR,upi,captured,none,0.00,2025-08-07 15:14:37.444,
ord_jHvWp4aYuVw0jg6y,2025-08-14,cust_BjB6G5xt0P,SKU-3004,3,4862.35,INR,upi,captured,none,0.00,2025-08-14 17:27:42.929,
ord_bCc9QxMvhTYVy01U,2025-08-13,cust_OzGsnTeLXQ,SKU-3002,4,4223.59,INR,visa_mc_domestic,captured,none,0.00,2025-08-13 14:51:53.989,
ord_u7UGk4riuhYrMFl2,2025-08-10,cust_hY5G7y3SjF,SKU-1004,4,7459.04,INR,upi,captured,none,0.00,2025-08-10 19:09:45.348,
ord_pQez8POoNAPBlzZi,2025-08-13,cust_km38ur8xQW,SKU-3005,2,2428.30,INR,upi,captured,none,0.00,2025-08-13 10:11:54.531,
ord_I19PhH8wfdTylssn,2025-08-12,cust_jDmeb7KiiD,SKU-2001,4,20175.80,INR,upi,captured,none,0.00,2025-08-12 18:14:29.275,
ord_V7RP3BlavIYpTrSO,2025-08-16,cust_hqTAlsWH8m,SKU-2004,4,12325.56,INR,upi,captured,none,0.00,2025-08-16 19:26:09.784,
ord_8v9zB5tUFZrqxXd0,2025-08-06,cust_aPFQMVoFcF,SKU-1005,1,17131.53,INR,amex_diners,captured,none,0.00,2025-08-06 07:22:11.724,
ord_DXK7gAXB4i17LmLN,2025-08-09,cust_lj3r2LJyBC,SKU-2004,1,8116.65,INR,upi,captured,none,0.00,2025-08-09 07:43:58.158,
ord_GqkKGLJmUcozw6pE,2025-08-07,cust_LZW45y4r0G,SKU-2004,1,8205.53,INR,visa_mc_domestic,captured,none,0.00,2025-08-07 12:15:52.502,
ord_irgunRIvSmZXeeTe,2025-08-10,cust_vrgC6Tk3hn,SKU-3002,1,1188.83,INR,upi,captured,none,0.00,2025-08-10 11:50:49.294,
ord_XVhzqaf0fqCNcLNT,2025-08-15,cust_mCX3HS4o4U,SKU-1003,4,8717.84,INR,visa_mc_domestic,captured,none,0.00,2025-08-15 10:13:36.655,
ord_CIPp2aj1mM2tQqZZ,2025-08-08,cust_elmYrbpNnH,SKU-3005,4,629.55,INR,upi,captured,none,0.00,2025-08-08 18:12:52.797,
ord_6Pq5YhRjGHz26ieH,2025-08-04,cust_CYFrEbWtbv,SKU-3001,5,6889.69,INR,upi,captured,none,0.00,2025-08-04 13:06:07.234,
ord_sCAJ1PKc3DX6fNmU,2025-08-15,cust_0lRJhTGEgB,SKU-3002,2,8216.56,INR,upi,captured,none,0.00,2025-08-15 13:55:28.071,
ord_IGOXiyvHNmiEo46n,2025-08-08,cust_uqlV9c5JhW,SKU-1003,3,1697.41,INR,visa_mc_domestic,captured,none,0.00,2025-08-08 16:24:28.932,
ord_92WBxIcshOY0V6aZ,2025-08-15,cust_UpIgPsj6tw,SKU-2001,4,4055.91,INR,visa_mc_domestic,captured,none,0.00,2025-08-15 13:24:29.372,
ord_XTYdhc471ZMU3o6a,2025-08-11,cust_pQuiJYwMZd,SKU-3004,2,9866.85,INR,amex_diners,captured,none,0.00,2025-08-11 02:13:24.581,
ord_5lt2pwFA1D0T3MJN,2025-08-17,cust_kzdrRGi3JZ,SKU-2004,5,3246.66,INR,international_card,captured,none,0.00,2025-08-17 06:39:58.323,
ord_d8q48pJbuIXXKBqy,2025-08-11,cust_BepVVFWKmp,SKU-3005,2,948.02,INR,upi,captured,none,0.00,2025-08-11 15:11:28.915,
ord_MnSxwV8emk9WPf84,2025-08-04,cust_orQ9UQ9ooU,SKU-1001,2,47429.08,INR,upi,captured,none,0.00,2025-08-04 13:57:10.053,
ord_tBX4XCprUx0wZV6s,2025-08-12,cust_44FpTfHyxG,SKU-1002,2,1616.02,INR,upi,captured,none,0.00,2025-08-12 10:18:17.085,
ord_w1AAy1mJm2c2wGHr,2025-08-07,cust_F6AxODETgd,SKU-1004,4,1744.26,INR,upi,captured,none,0.00,2025-08-07 20:59:05.190,
ord_tk1bfE8Q2jLHvL0u,2025-08-07,cust_SZnNPVOA3q,SKU-1005,2,250.23,INR,upi,captured,none,0.00,2025-08-07 09:40:53.606,
ord_3Duap3b8pTv4rl7j,2025-08-15,cust_yWSehuOKqZ,SKU-3005,4,4185.01,INR,visa_mc_domestic,captured,none,0.00,2025-08-15 18:28:22.760,
ord_c3cIuaBIT9nYAxpK,2025-08-13,cust_YJUBYS7iOe,SKU-3002,4,4789.32,INR,upi,captured,none,0.00,2025-08-13 21:13:06.016,
ord_epVG7rlIgeNe7nUT,2025-08-13,cust_gVXqHjdBWP,SKU-2001,2,46589.39,INR,international_card,captured,none,0.00,2025-08-13 13:07:38.132,
ord_48wijUMHTn8OkOye,2025-08-11,cust_FumFel37Qb,SKU-3003,2,7762.10,INR,upi,captured,none,0.00,2025-08-11 20:20:32.901,
ord_WwdNAWmiw7eT2MyL,2025-08-13,cust_tMxRxayAQI,SKU-1001,1,12623.74,INR,upi,captured,none,0.00,2025-08-13 15:18:46.062,
ord_Ww9bXJbT6cMlRkUB,2025-08-04,cust_IzXBaULmvn,SKU-2001,5,5393.81,INR,visa_mc_domestic,captured,none,0.00,2025-08-04 19:35:30.377,
ord_DsIDEJg6Ou8UZueh,2025-08-12,cust_JzybH4QOni,SKU-1001,2,1168.70,INR,upi,captured,none,0.00,2025-08-12 13:50:25.711,
ord_OJ1fUupBvepriCkM,2025-08-13,cust_kW3KNh4uRi,SKU-2004,4,361.27,INR,amex_diners,captured,none,0.00,2025-08-13 14:22:44.082,
ord_PM3Yocb7pvMGYG5M,2025-08-16,cust_qNkScoO30N,SKU-1001,3,863.67,INR,upi,captured,none,0.00,2025-08-16 15:47:19.852,
ord_M6YU9lKeiR91Pm20,2025-08-13,cust_Abt7GWo8tX,SKU-1005,4,7974.70,INR,upi,captured,none,0.00,2025-08-13 05:00:17.952,
ord_3SQ53xM5uqB5dAFO,2025-08-17,cust_QrdtJEqBez,SKU-2002,2,136514.10,INR,upi,captured,none,0.00,2025-08-17 20:44:35.279,
ord_o72ssMQp7Lqy9Ci1,2025-08-12,cust_suRFWyhX3t,SKU-2004,2,3557.26,INR,visa_mc_domestic,captured,none,0.00,2025-08-12 21:31:50.237,
ord_KYcVSyuehWal2UWc,2025-08-16,cust_Cf1mlhzJxI,SKU-3004,2,8963.50,INR,visa_mc_domestic,captured,none,0.00,2025-08-16 14:43:10.911,
ord_29hgjPi6tqweUzX6,2025-08-12,cust_VZuGncz3LA,SKU-3003,5,9952.03,INR,upi,captured,none,0.00,2025-08-12 16:25:14.590,
ord_rTuSMn6LBSMzqEcH,2025-08-09,cust_SYMakdmCeB,SKU-2001,3,760.51,INR,visa_mc_domestic,captured,none,0.00,2025-08-09 16:00:44.611,
ord_uvak26q9X7vFPFPz,2025-08-14,cust_UldUirbmFq,SKU-2005,1,30555.05,INR,visa_mc_domestic,captured,none,0.00,2025-08-14 21:29:24.767,
ord_LRjxhsPHgKc0Claq,2025-08-17,cust_Awy4vCLVq0,SKU-1004,4,14480.41,INR,upi,captured,none,0.00,2025-08-17 06:30:31.255,
ord_GIt6ibWrBgrnGdRi,2025-08-10,cust_6WY442HKjp,SKU-2003,5,2052.03,INR,upi,captured,none,0.00,2025-08-10 06:05:16.898,
ord_8okHCMSuYXfAgQgS,2025-08-16,cust_dNpdNKim1E,SKU-3001,2,20089.09,INR,upi,captured,none,0.00,2025-08-16 08:58:15.881,
ord_Ef9jPu0WNQDa1wBp,2025-08-09,cust_N4d6fZ2nOg,SKU-2003,1,1123.66,INR,upi,captured,none,0.00,2025-08-09 12:38:53.887,
ord_irwvCRRo9Vzl41de,2025-08-16,cust_iqlwIUq8hm,SKU-1002,3,4736.64,INR,upi,captured,none,0.00,2025-08-16 19:44:37.711,
ord_kO5UOL8LUpRlpLmw,2025-08-16,cust_qsiMcgHsSP,SKU-2005,3,717.98,INR,visa_mc_domestic,captured,none,0.00,2025-08-16 17:18:12.703,
ord_XYs5cVPEHXiYEyPe,2025-08-12,cust_aQ8meGbTIH,SKU-3003,1,256.22,INR,upi,captured,none,0.00,2025-08-12 15:17:32.581,
ord_iQw5qM3jAUmRaOmj,2025-08-08,cust_JiTNxzMm7F,SKU-3002,5,90459.37,INR,visa_mc_domestic,captured,none,0.00,2025-08-08 21:22:53.242,
ord_HPZPl34RApa10bO0,2025-08-10,cust_30uBvMpb2V,SKU-1001,4,2551.60,INR,visa_mc_domestic,captured,none,0.00,2025-08-10 16:28:09.756,
ord_lXrlrXwMTZPSOldB,2025-08-13,cust_sBjWBbbabV,SKU-1005,3,24095.07,INR,upi,captured,none,0.00,2025-08-13 10:44:04.463,
ord_K0nly08WvF4FrDE5,2025-08-11,cust_R4OTgOFDow,SKU-3004,2,576.20,INR,visa_mc_domestic,captured,none,0.00,2025-08-11 09:09:54.446,
ord_3OyMsEGyLHcvsJ5P,2025-08-04,cust_fBfDICJI1z,SKU-2005,3,2819.78,INR,upi,captured,none,0.00,2025-08-04 11:10:49.278,
ord_GPnuEXAcxqYhZg76,2025-08-09,cust_uugZfexMlW,SKU-1005,1,2649.65,INR,visa_mc_domestic,captured,none,0.00,2025-08-09 17:36:45.857,
ord_SBeuNwubkvIxYI34,2025-08-08,cust_XMI7PJnGXV,SKU-3005,4,45523.95,INR,upi,captured,none,0.00,2025-08-08 13:29:45.476,
ord_lVfd51dVL5K9JsQB,2025-08-07,cust_ZxcmRDgHbe,SKU-3003,5,823.45,INR,upi,captured,none,0.00,2025-08-07 15:23:01.459,
ord_uf9JzUstnIvMmRNC,2025-08-04,cust_Mx2aj9N9KC,SKU-3002,4,7190.94,INR,upi,captured,none,0.00,2025-08-04 21:12:26.582,
ord_5eEc3m807Qi3yUpg,2025-08-14,cust_qxwPyaQ6S8,SKU-2002,1,95051.37,INR,upi,captured,none,0.00,2025-08-14 16:45:37.532,
ord_GJNw2P45rfZYjSPm,2025-08-14,cust_DZaZ8UWTe9,SKU-3005,4,2621.27,INR,upi,captured,none,0.00,2025-08-14 06:20:59.910,
ord_RlKJUXFFxAheF8yo,2025-08-04,cust_S0q4rpFKTG,SKU-2005,1,142154.50,INR,upi,captured,none,0.00,2025-08-04 00:11:02.136,
ord_w3zeQSzElIc0Jwfe,2025-08-07,cust_UKdc7SoyZ5,SKU-3003,3,7105.47,INR,visa_mc_domestic,captured,none,0.00,2025-08-07 16:02:25.872,
ord_JJEkHGbJEvqjsaHn,2025-08-14,cust_r3oWYVD0xY,SKU-3004,4,4866.21,INR,upi,captured,none,0.00,2025-08-14 14:37:19.959,
ord_1byuro7u1L1KPF2U,2025-08-04,cust_eRMLCAWVmU,SKU-1002,4,14692.74,INR,upi,captured,none,0.00,2025-08-04 20:15:32.618,
ord_NUotfg39lla6xcsh,2025-08-12,cust_UZmxd254lO,SKU-2001,5,411.76,INR,international_card,captured,none,0.00,2025-08-12 23:29:02.291,
ord_0ypjYAONyOACExh3,2025-08-10,cust_vwvpejhiw1,SKU-3005,4,2314.35,INR,visa_mc_domestic,captured,none,0.00,2025-08-10 01:55:46.813,
ord_oAaUPdG5tKSPKatW,2025-08-16,cust_iE820AOwx6,SKU-1003,1,8375.30,INR,visa_mc_domestic,captured,none,0.00,2025-08-16 21:19:34.708,
ord_vwcHpRFwVYL6s4m8,2025-08-16,cust_VgqM9uVVYu,SKU-1002,5,9024.59,INR,upi,captured,none,0.00,2025-08-16 06:04:10.149,
ord_LnvuE9Oo4evYnMCc,2025-08-04,cust_XVuATcIFgv,SKU-2005,2,3214.34,INR,amex_diners,captured,none,0.00,2025-08-04 15:01:42.956,
ord_tVmCzTTyS1DS7IQX,2025-08-06,cust_8WetZBRLFI,SKU-2004,5,1400.49,INR,upi,captured,none,0.00,2025-08-06 11:54:26.076,
ord_FQU3LNxOR0ih1yij,2025-08-15,cust_S3uC4aoQDE,SKU-2005,1,581.58,INR,visa_mc_domestic,captured,none,0.00,2025-08-15 14:58:35.673,
ord_yZGJ63PUL4rGydtH,2025-08-15,cust_OZq2jt0eOa,SKU-2005,4,622.22,INR,upi,captured,none,0.00,2025-08-15 21:55:43.521,
ord_I8ZjQm3rPlAHkuqj,2025-08-17,cust_IC9utqIN7j,SKU-3001,2,13299.71,INR,upi,captured,none,0.00,2025-08-17 15:07:42.254,
ord_ZVbJoHW8XgRp1JYL,2025-08-14,cust_eQDAcD3DcR,SKU-2002,1,19924.43,INR,upi,captured,none,0.00,2025-08-14 19:42:15.501,
ord_KvdvEcSNM107QdbI,2025-08-16,cust_9inIQWPG1g,SKU-1005,4,653.72,INR,upi,captured,none,0.00,2025-08-16 10:31:24.224,
ord_ORyupimxgLegJBvv,2025-08-10,cust_LtsarQMY0l,SKU-2005,3,577.48,INR,upi,captured,none,0.00,2025-08-10 14:00:30.198,
ord_3U1WvheaiqG3O1MZ,2025-08-15,cust_sNNWCAkHRk,SKU-2003,2,938.85,INR,amex_diners,captured,none,0.00,2025-08-15 06:43:35.451,
ord_HxxhnvCqhorA0yNZ,2025-08-09,cust_5RaVWcrBGm,SKU-1001,3,857.85,INR,upi,captured,none,0.00,2025-08-09 07:32:37.234,
ord_ttMMIcpNIH4Mm2Sq,2025-08-06,cust_dAXhq3GvNJ,SKU-1002,4,850.08,INR,upi,captured,none,0.00,2025-08-06 16:53:57.162,
ord_ss2g3k7kUczkoNbK,2025-08-17,cust_l5xzMSvcFk,SKU-3003,2,23040.82,INR,upi,captured,none,0.00,2025-08-17 17:17:20.266,
ord_h1iYosyDL2xOD1hE,2025-08-12,cust_FQizCezIwr,SKU-1002,5,553.88,INR,visa_mc_domestic,captured,none,0.00,2025-08-12 14:21:33.550,
ord_shtTKR0Bvwwq1sFK,2025-08-15,cust_qdxb3oDn8B,SKU-1003,3,3688.71,INR,visa_mc_domestic,captured,none,0.00,2025-08-15 18:37:05.084,
ord_ouQFyljde4EKvfwT,2025-08-11,cust_CDp2XnFsRJ,SKU-2002,5,530.38,INR,upi,captured,none,0.00,2025-08-11 04:27:29.026,
ord_f9WDTKjtiCdZOlmc,2025-08-09,cust_w71gHDx51P,SKU-2004,1,47033.22,INR,upi,captured,none,0.00,2025-08-09 17:01:49.639,
ord_AmQ1L6e5fXvgDQJE,2025-08-15,cust_KjptZJPasW,SKU-3002,5,1416.37,INR,upi,captured,none,0.00,2025-08-15 12:43:18.743,
ord_PcCY6nJ6XS2LwsWh,2025-08-06,cust_BFXZRSjyf4,SKU-3003,2,8683.72,INR,amex_diners,captured,none,0.00,2025-08-06 11:55:58.746,
ord_rgzRsIlrpVRn9SMN,2025-08-16,cust_PTrYNIGFlg,SKU-3002,1,3425.83,INR,upi,captured,none,0.00,2025-08-16 18:12:53.538,
ord_OFqeIn9CZCEFuve7,2025-08-10,cust_wsgA4MBykU,SKU-2002,1,4350.39,INR,visa_mc_domestic,captured,none,0.00,2025-08-10 07:32:54.416,
ord_5PXdrQR8HsZAmNWx,2025-08-06,cust_EHgvRhOYdz,SKU-2005,2,9072.79,INR,upi,captured,none,0.00,2025-08-06 20:04:19.618,
ord_yJNlJORUEPCutIh6,2025-08-04,cust_xO6a7ugFua,SKU-3004,1,48034.68,INR,upi,captured,none,0.00,2025-08-04 18:40:01.796,
ord_gMY2F2BJcTuGKN3W,2025-08-17,cust_je0ai3m9zS,SKU-1001,1,917.09,INR,upi,captured,none,0.00,2025-08-17 13:35:11.446,
ord_x9wVO14tgZNnmHGW,2025-08-15,cust_f9kERj5scP,SKU-3003,2,3391.40,INR,amex_diners,captured,none,0.00,2025-08-15 16:38:52.048,
ord_mmvjXwSilltq8c3S,2025-08-12,cust_7PUGBfTm8M,SKU-1003,2,871.35,INR,upi,captured,none,0.00,2025-08-12 17:37:24.652,
ord_SI8Zi6Zr9dYHv8Bb,2025-08-15,cust_gNplWP6I3u,SKU-3004,3,13972.51,INR,visa_mc_domestic,captured,none,0.00,2025-08-15 10:35:46.233,
ord_3HIrlVi0JkWpaQwX,2025-08-10,cust_zAdapqJLgj,SKU-3005,1,353.63,INR,upi,captured,none,0.00,2025-08-10 12:40:04.945,
ord_YJkv0Q30zKuApfl4,2025-08-10,cust_8YMFLlzzB6,SKU-2002,5,718.63,INR,upi,captured,none,0.00,2025-08-10 06:03:07.853,
ord_Sl1Tcv1g26nmDWnQ,2025-08-11,cust_KsbIY1pkVi,SKU-1002,4,13260.06,INR,visa_mc_domestic,captured,none,0.00,2025-08-11 13:38:18.400,
ord_58j5EwB6pQ8McFI5,2025-08-09,cust_4Yc5cM94qE,SKU-1003,1,1875.48,INR,visa_mc_domestic,captured,none,0.00,2025-08-09 16:10:12.353,
ord_OfpIejVHNEpSQD71,2025-08-09,cust_f8FR9OMPGd,SKU-1002,2,40932.08,INR,visa_mc_domestic,captured,none,0.00,2025-08-09 04:55:25.301,
ord_pKLAKFeyhLmQ5ajV,2025-08-17,cust_bu1OyPHfh9,SKU-2002,1,3289.70,INR,visa_mc_domestic,captured,none,0.00,2025-08-17 14:46:43.621,
ord_7Bwksaq9crY6OZwJ,2025-08-16,cust_hF0LnUJ9qo,SKU-1001,3,2789.13,INR,upi,captured,none,0.00,2025-08-16 01:48:00.385,
ord_qZJEo6EjUYckCkvQ,2025-08-10,cust_hBJ3CUCltp,SKU-2004,4,139733.43,INR,upi,captured,none,0.00,2025-08-10 15:34:18.802,
ord_P8oSl0liEFVmf7uC,2025-08-14,cust_Ohbdh8L5cX,SKU-1002,5,702.26,INR,visa_mc_domestic,captured,none,0.00,2025-08-14 13:22:59.183,
ord_egXJm4fsJzTjeuxg,2025-08-14,cust_qxWr2p1uYt,SKU-2001,4,1122.54,INR,upi,captured,none,0.00,2025-08-14 14:25:41.190,
ord_K3Ku0QLgcYIzlLP7,2025-08-14,cust_wzN6h3jGZQ,SKU-3001,3,809.20,INR,upi,captured,none,0.00,2025-08-14 14:36:54.275,
ord_9d4VKjZk1NgwWN9f,2025-08-12,cust_7eQX0UluvR,SKU-1005,2,445.30,INR,amex_diners,captured,none,0.00,2025-08-12 16:23:23.026,
ord_Hpfj5HdeCgrkQCzN,2025-08-08,cust_UUGtW2yd0g,SKU-1004,4,2269.28,INR,upi,captured,none,0.00,2025-08-08 06:18:29.110,
ord_7Q0rnG6xCVcm6Hkd,2025-08-04,cust_dQI0g1VKIU,SKU-3003,4,4822.18,INR,upi,captured,none,0.00,2025-08-04 15:53:08.775,
ord_kZuhR1Irf83RntaW,2025-08-17,cust_RfSmHFq9B5,SKU-1001,1,841.30,INR,visa_mc_domestic,captured,none,0.00,2025-08-17 11:45:53.628,
ord_nk2EOnz9HUTMUdgn,2025-08-10,cust_RRgmXmsI7q,SKU-3005,2,4595.48,INR,visa_mc_domestic,captured,none,0.00,2025-08-10 14:11:43.102,
ord_sSZuI09r4R6ENyry,2025-08-05,cust_Hl2nmmDt2g,SKU-2002,3,1815.83,INR,amex_diners,captured,none,0.00,2025-08-05 17:12:53.064,
ord_cBKdgFcw3dTuWmdX,2025-08-17,cust_mfwpc3itYi,SKU-1003,4,146813.05,INR,upi,captured,none,0.00,2025-08-17 15:02:20.145,
ord_DqMwt5o775UKjjmt,2025-08-06,cust_U0ESiI3UW7,SKU-3003,5,33905.72,INR,upi,captured,none,0.00,2025-08-06 21:46:27.818,
ord_iTZent2NyR6jQPyw,2025-08-13,cust_bz1bLKEDP3,SKU-2003,5,40156.76,INR,upi,captured,none,0.00,2025-08-13 16:07:11.914,
ord_e3Uji4PJyuGxYx1h,2025-08-06,cust_il62gfjVNt,SKU-3002,3,8573.64,INR,upi,captured,none,0.00,2025-08-06 03:02:16.779,
ord_nYDzu9vMRS5oy1jG,2025-08-05,cust_Nt31BJjwtk,SKU-2001,1,359.07,INR,upi,captured,none,0.00,2025-08-05 12:55:10.976,
ord_otLlMAZdNkF7JDJJ,2025-08-07,cust_rccoDluFGY,SKU-1003,2,694.01,INR,upi,captured,none,0.00,2025-08-07 09:55:43.946,
ord_bsp5v5MmtCjaUhoc,2025-08-14,cust_JwKFBiYg51,SKU-2005,3,72519.21,INR,upi,captured,none,0.00,2025-08-14 18:49:33.106,
ord_XBzM09VXxytA5sjV,2025-08-16,cust_wOcIL5ihYv,SKU-1003,2,7593.57,INR,upi,captured,none,0.00,2025-08-16 16:31:52.017,
ord_3wB95aWKOeDlDs7a,2025-08-17,cust_HRo3VQ1zqn,SKU-1004,3,246.92,INR,upi,captured,none,0.00,2025-08-17 15:26:14.133,
ord_m4Ze4nW3TEbp9XaK,2025-08-07,cust_zPaGivxfCB,SKU-3005,4,1401.51,INR,visa_mc_domestic,captured,none,0.00,2025-08-07 10:53:06.140,
ord_R6eaCAGtWGk1GVDF,2025-08-12,cust_DsU8yR87eM,SKU-2002,2,357.24,INR,upi,captured,none,0.00,2025-08-12 04:28:06.252,
ord_jLggWaaPBHAMp2MY,2025-08-17,cust_z3bJVDOI0B,SKU-1001,3,2702.25,INR,upi,captured,none,0.00,2025-08-17 18:28:59.260,
ord_7mBEHbec4CuQOviy,2025-08-13,cust_rjTprTKPlC,SKU-2005,3,3391.73,INR,visa_mc_domestic,captured,none,0.00,2025-08-13 17:54:45.646,
ord_5Yl9noMkqyXiSZXG,2025-08-07,cust_jPzvbNqfkR,SKU-2005,1,116910.20,INR,upi,captured,none,0.00,2025-08-07 13:03:31.491,
ord_EyQ207INDc40GZ0o,2025-08-14,cust_Q03h8FWrmf,SKU-2004,5,1586.42,INR,upi,captured,none,0.00,2025-08-14 02:51:42.642,
ord_FbBzfkRpByEhYQhJ,2025-08-05,cust_gtO88X5hDB,SKU-2004,1,2280.79,INR,upi,captured,none,0.00,2025-08-05 13:56:56.364,
ord_F00XFkFoFJ3pkxla,2025-08-12,cust_j95dnQkOH4,SKU-1002,5,2418.44,INR,upi,captured,none,0.00,2025-08-12 09:46:48.401,
ord_eiPepyiNsVwcxxpY,2025-08-08,cust_anzXhs6aQf,SKU-1003,1,1611.80,INR,upi,captured,none,0.00,2025-08-08 15:56:38.948,
ord_GI8WvzZhHfjwNhhf,2025-08-13,cust_YJ9glEBzFE,SKU-3004,1,4026.75,INR,upi,captured,none,0.00,2025-08-13 04:27:08.264,
ord_Po9nKyMZOdZALP4T,2025-08-12,cust_r4W7ueQmao,SKU-3004,2,7736.00,INR,amex_diners,captured,none,0.00,2025-08-12 07:21:49.849,
ord_Z0dt35EfrkjhCh4A,2025-08-10,cust_QbZ0GOULYX,SKU-1005,5,3652.67,INR,amex_diners,captured,none,0.00,2025-08-10 13:35:09.099,
ord_xP8Ymb5XT3FVQToG,2025-08-13,cust_DqdWrXrVEE,SKU-3001,1,676.81,INR,upi,captured,none,0.00,2025-08-13 08:38:43.184,
ord_vyMTZrHfQXDeDkoS,2025-08-06,cust_C59qQ31maZ,SKU-2001,4,211.48,INR,upi,captured,none,0.00,2025-08-06 11:37:16.183,
ord_T1ebhBb7v7LflaPw,2025-08-08,cust_InvURGnlV5,SKU-1001,4,349.39,INR,upi,captured,none,0.00,2025-08-08 17:56:24.802,
ord_JLvc7doTITEBER8F,2025-08-17,cust_gYDv8AdgYs,SKU-2004,2,263.31,INR,amex_diners,captured,none,0.00,2025-08-17 14:16:34.816,
ord_k6bwAxb9ZQKyEt5D,2025-08-12,cust_dOVkXuCi8n,SKU-2001,3,21118.99,INR,upi,captured,none,0.00,2025-08-12 10:47:48.905,
ord_Hiuf2Wu6CpaSWoUJ,2025-08-07,cust_6Jsbvmt8qm,SKU-3004,1,4604.68,INR,visa_mc_domestic,captured,none,0.00,2025-08-07 19:04:07.143,
ord_vPSnueB1iXKEdsoD,2025-08-17,cust_PCUnClxOsf,SKU-1003,3,1917.75,INR,upi,captured,none,0.00,2025-08-17 06:50:24.985,
ord_2A11wtfsYdR40VKP,2025-08-14,cust_Dgy2qdmbwG,SKU-3001,3,676.61,INR,upi,captured,none,0.00,2025-08-14 21:16:16.437,
ord_h7fPhXmj9gw2vlS9,2025-08-11,cust_G0qPOy19h7,SKU-3002,3,305.76,INR,upi,captured,none,0.00,2025-08-11 15:08:53.490,
ord_EnDJiS9HvlxNgbb1,2025-08-10,cust_7GvmQFOiJZ,SKU-3002,5,1202.36,INR,upi,captured,none,0.00,2025-08-10 11:39:03.624,"DUPLICATE: data entry error, different amount"
