settlement_id,settlement_date,bank_utr,payment_id,order_id,gross_amount,fee,gst_on_fee,refund_deduction,net_amount,payment_method,captured_date,settlement_status
set_RTP6kuwRwviITZ8T,2025-08-06,1003076205459671,pay_KPwBYqxnFHplvhEJ,ord_ZKgJypW5wBMZX0mB,580.55,11.61,2.09,0.00,566.85,card,2025-08-04,settled
set_RTP6kuwRwviITZ8T,2025-08-06,1003076205459671,pay_P1aTUkR2fLEgkaBZ,ord_t0qKqKUc7paB82Kv,3944.75,78.89,14.20,0.00,3851.66,card,2025-08-04,settled
set_RTP6kuwRwviITZ8T,2025-08-06,1003076205459671,pay_QvVGGCFyXMuFtPBr,ord_5s0IgzAZJE8TLrhU,34638.93,1039.17,187.05,0.00,33412.71,intl_card,2025-08-04,settled
set_RTP6kuwRwviITZ8T,2025-08-06,1003076205459671,pay_Dl6azOIsnfDDK9Mk,ord_LnvuE9Oo4evYnMCc,3214.34,64.29,11.57,0.00,3138.48,amex,2025-08-04,settled
set_RTP6kuwRwviITZ8T,2025-08-06,1003076205459671,pay_ikl7EyCAS6yOueGz,ord_tILskeDhThzb9CDw,761.04,15.22,2.74,0.00,743.08,upi,2025-08-04,settled
set_RTP6kuwRwviITZ8T,2025-08-06,1003076205459671,pay_viCu2u2J9Vs89sQk,ord_MnSxwV8emk9WPf84,47429.08,948.58,170.74,0.00,46309.76,upi,2025-08-04,settled
set_U3Ca3YQE4YX1rr36,2025-08-06,4078516994970890,pay_R8cg15mE7VUKHdKg,ord_3hQ9obIuA2rGRIaU,966.14,19.32,3.48,0.00,943.34,upi,2025-08-04,settled
set_U3Ca3YQE4YX1rr36,2025-08-06,4078516994970890,pay_1budwlDOGZaifwdz,ord_NtjNS5nzCcmeWmUV,2197.14,43.94,7.91,0.00,2145.29,card,2025-08-04,settled
set_U3Ca3YQE4YX1rr36,2025-08-06,4078516994970890,pay_IMkvnXdwhezC2iG3,ord_mZ1wmccamGopBgkG,3052.50,91.58,16.48,0.00,2944.44,intl_card,2025-08-04,settled
set_U3Ca3YQE4YX1rr36,2025-08-06,4078516994970890,pay_LRAsiwc8BKP1MvNY,ord_8m19fcmMDGJ04eJ5,10927.07,218.54,39.34,0.00,10669.19,upi,2025-08-04,settled
set_U3Ca3YQE4YX1rr36,2025-08-06,4078516994970890,pay_L8HkwXpXVcYdYbqE,ord_yGpUfvVmWbe0w0hR,8018.47,160.37,28.87,0.00,7829.23,upi,2025-08-04,settled
set_U3Ca3YQE4YX1rr36,2025-08-06,4078516994970890,pay_mHj85r66FDHZSJEd,ord_3OyMsEGyLHcvsJ5P,2819.78,56.40,10.15,0.00,2753.23,upi,2025-08-04,settled
set_WiMaMiXsjZYcAOai,2025-08-06,9178791505962571,pay_AMC6ygPwRNuGhNIh,ord_pqvIWyuklORkFGnl,534.57,10.69,1.92,0.00,521.96,upi,2025-08-04,settled
set_WiMaMiXsjZYcAOai,2025-08-06,9178791505962571,pay_SEBSGayEA1CG4Xsv,ord_UJ3A1IIPKoBAwOUK,4856.10,97.12,17.48,0.00,4741.50,upi,2025-08-04,settled
set_WiMaMiXsjZYcAOai,2025-08-06,9178791505962571,pay_s9rZxO1mUTFABHv4,ord_mpiNoYfxrqCXZwq7,341.94,6.84,1.23,0.00,333.87,upi,2025-08-04,settled
set_WiMaMiXsjZYcAOai,2025-08-06,9178791505962571,pay_avJfyw1HdiTv1Iv4,ord_6Pq5YhRjGHz26ieH,6889.69,137.79,24.80,0.00,6727.10,upi,2025-08-04,settled
set_WiMaMiXsjZYcAOai,2025-08-06,9178791505962571,pay_4UGOXifVQX6CplJt,ord_RlKJUXFFxAheF8yo,142154.50,2843.09,511.76,0.00,138799.65,upi,2025-08-04,settled
set_WiMaMiXsjZYcAOai,2025-08-06,9178791505962571,pay_BSSv0WRvdCEGcDfH,ord_7Q0rnG6xCVcm6Hkd,4822.18,96.44,17.36,0.00,4708.38,upi,2025-08-04,settled
set_WIEcUT7ccrpISlwF,2025-08-07,8241996264222975,pay_XQognOpDGT8gw3SE,ord_gYoPHteXiQQb9R4e,14273.24,428.20,77.08,0.00,13767.96,intl_card,2025-08-05,settled
set_WIEcUT7ccrpISlwF,2025-08-07,8241996264222975,pay_S0rpXKKQuqYJbiz9,ord_6NlddNZIkvmfKq5k,5931.90,177.96,32.03,0.00,5721.91,intl_card,2025-08-05,settled
set_WIEcUT7ccrpISlwF,2025-08-07,8241996264222975,pay_baIb3qI61r6Mi5dq,ord_NmNLui0ydTnzKxoM,981.33,19.63,3.53,0.00,958.17,amex,2025-08-05,settled
set_WIEcUT7ccrpISlwF,2025-08-07,8241996264222975,pay_WH3afdD3rxg69kOD,ord_Et9rLXoylaJ9aBlE,6235.03,124.70,22.45,0.00,6087.88,card,2025-08-05,settled
set_WIEcUT7ccrpISlwF,2025-08-07,8241996264222975,pay_UWOAwq6lIMZF4kb6,ord_q6tZKfec8fgrcCJi,25680.74,513.61,92.45,0.00,25074.68,upi,2025-08-05,settled
set_WIEcUT7ccrpISlwF,2025-08-07,8241996264222975,pay_wTqtZDdkcsVJ0k1O,ord_FbBzfkRpByEhYQhJ,2280.79,45.62,8.21,0.00,2226.96,upi,2025-08-05,settled
set_fEDr92sW4GiqXzCa,2025-08-07,8209225709001635,pay_wQ0d1uItLrKndGEc,ord_yy5Sij0phXtxqEuV,668.70,13.37,2.41,0.00,652.92,card,2025-08-05,settled
set_fEDr92sW4GiqXzCa,2025-08-07,8209225709001635,pay_X2aHeaDSmhHQijOX,ord_kKMsabkQTGXMV3yb,8719.64,174.39,31.39,0.00,8513.86,upi,2025-08-04,settled
set_fEDr92sW4GiqXzCa,2025-08-07,8209225709001635,pay_6z7AkyL3u99xA93L,ord_6Wp69fJcHeO6Btze,4237.93,84.76,15.26,0.00,4137.91,card,2025-08-04,settled
set_fEDr92sW4GiqXzCa,2025-08-07,8209225709001635,pay_YeEaBEc2BN9YM2CV,ord_0jYk1urTBZeOc6NS,14380.24,287.60,51.77,0.00,14040.87,upi,2025-08-05,settled
set_fEDr92sW4GiqXzCa,2025-08-07,8209225709001635,pay_ACkMZcPRj01biwaO,ord_Ww9bXJbT6cMlRkUB,5393.81,107.88,19.42,0.00,5266.51,card,2025-08-04,settled
set_fEDr92sW4GiqXzCa,2025-08-07,8209225709001635,pay_ih7CY5QJVtyiGltN,ord_Js8YDSyK70iiFGxH,877.82,17.56,3.16,0.00,857.10,upi,2025-08-04,settled
set_Z6cNI0dLKiUswAFg,2025-08-07,8224731261685071,pay_cJvL1JjyNoSvyDzs,ord_yJNlJORUEPCutIh6,48034.68,960.69,172.92,0.00,46901.07,upi,2025-08-04,settled
set_Z6cNI0dLKiUswAFg,2025-08-07,8224731261685071,pay_cozcKnWMemmXcA1a,ord_4BqXwG6SOyo68922,8276.81,165.54,29.80,0.00,8081.47,upi,2025-08-05,settled
set_Z6cNI0dLKiUswAFg,2025-08-07,8224731261685071,pay_yZeWZ2Khp5j0KCLE,ord_nYDzu9vMRS5oy1jG,359.07,7.18,1.29,0.00,350.60,upi,2025-08-05,settled
set_Z6cNI0dLKiUswAFg,2025-08-07,8224731261685071,pay_XzSymRh4kKJ7PK7P,ord_UNj5EV4usow7bOQS,2460.10,49.20,8.86,0.00,2402.04,upi,2025-08-05,settled
set_Z6cNI0dLKiUswAFg,2025-08-07,8224731261685071,pay_EJXoU0Dmt9RxqC1k,ord_uf9JzUstnIvMmRNC,7190.94,143.82,25.89,0.00,7021.23,upi,2025-08-04,settled
set_Z6cNI0dLKiUswAFg,2025-08-07,8224731261685071,pay_yyRwmuP2SP4kIyBi,ord_dLGKcPLtxjuK13zf,294.58,5.89,1.06,0.00,287.63,upi,2025-08-05,settled
set_DVir6Fj8l02GyFLF,2025-08-07,0537092300716950,pay_t9OH7QQKjbUlT2lI,ord_1byuro7u1L1KPF2U,14692.74,293.85,52.89,0.00,14346.00,upi,2025-08-04,settled
set_DVir6Fj8l02GyFLF,2025-08-07,0537092300716950,pay_DI7YEckREALwQFMb,ord_LqfZIXLnqo9ieITb,419.88,8.40,1.51,0.00,409.97,card,2025-08-04,settled
set_DVir6Fj8l02GyFLF,2025-08-07,0537092300716950,pay_mxkLbrGXsHa6dJ0n,ord_XLB1wOsohYgeimUn,493.08,9.86,1.77,0.00,481.45,amex,2025-08-05,settled
set_DVir6Fj8l02GyFLF,2025-08-07,0537092300716950,pay_YX3IBmHyOAko23TI,ord_kS7D0XBXbNXohoBv,10532.94,210.66,37.92,0.00,10284.36,upi,2025-08-04,settled
set_DVir6Fj8l02GyFLF,2025-08-07,0537092300716950,pay_eknQlHqPI8fOympr,ord_YcEyoWENSl8Gh90K,3044.10,60.88,10.96,0.00,2972.26,upi,2025-08-05,settled
set_Ad4zo2jTsrOoxgZi,2025-08-07,3652944716198273,pay_hGL5AvdCeXj72uk9,ord_rSINutAtjq9J6a05,147919.55,2958.39,532.51,0.00,144428.65,card,2025-08-05,settled
set_Ad4zo2jTsrOoxgZi,2025-08-07,3652944716198273,pay_aF26KchRaDgnwWgL,ord_31bSWi1P3ThGVZ6e,1135.02,22.70,4.09,0.00,1108.23,upi,2025-08-05,settled
set_gZQhCaMh9935fh7T,2025-08-08,3646280550774065,pay_tKwrsdZKtQdowW51,ord_nRHfketwxmKY2uXg,540.02,10.80,1.94,0.00,527.28,card,2025-08-06,settled
set_gZQhCaMh9935fh7T,2025-08-08,3646280550774065,pay_nTXwYiK1AGLtpnK2,ord_Xpy8eCfk12bgcsZo,1939.08,38.78,6.98,0.00,1893.32,upi,2025-08-06,settled
set_gZQhCaMh9935fh7T,2025-08-08,3646280550774065,pay_SKZkPLA0KK5FjKAA,ord_sSZuI09r4R6ENyry,1815.83,36.32,6.54,0.00,1772.97,amex,2025-08-05,settled
set_gZQhCaMh9935fh7T,2025-08-08,3646280550774065,pay_rZKrCZA43zDkaLdR,ord_lAgPHlhgvNW3BIFq,65434.19,1308.68,235.56,0.00,63889.95,upi,2025-08-06,settled
set_gZQhCaMh9935fh7T,2025-08-08,3646280550774065,pay_CsmDvjPvhLJzF6N0,ord_e3Uji4PJyuGxYx1h,8573.64,171.47,30.86,0.00,8371.31,upi,2025-08-06,settled
set_bUE7JjtAC63UCmTB,2025-08-08,9131117861902547,pay_raBgcoTRGqZ0dbIR,ord_zZvdIg6dsbnAGDnl,4804.29,96.09,17.30,0.00,4690.90,upi,2025-08-06,settled
set_bUE7JjtAC63UCmTB,2025-08-08,9131117861902547,pay_rsVAUcMabaJNG82w,ord_TVKReNK6QlGORFif,287.69,5.75,1.03,0.00,280.91,upi,2025-08-06,settled
set_bUE7JjtAC63UCmTB,2025-08-08,9131117861902547,pay_HnxQs7S6sYRyHucc,ord_2dE3sf3xqmHuK98y,4668.65,93.37,16.81,0.00,4558.47,upi,2025-08-06,settled
set_bUE7JjtAC63UCmTB,2025-08-08,9131117861902547,pay_oYW63uaqwlL8y2yd,ord_P20483bs4EZ5fBlr,1827.70,36.55,6.58,0.00,1784.57,upi,2025-08-06,settled
set_bUE7JjtAC63UCmTB,2025-08-08,9131117861902547,pay_1GiBF0mjKrCKibQQ,ord_PcCY6nJ6XS2LwsWh,8683.72,173.67,31.26,0.00,8478.79,amex,2025-08-06,settled
set_qDrKBsWOy5rFKAFI,2025-08-08,7595002601515325,pay_vKQaUMzjbvAWShuX,ord_wcHgTApXGW1LQQ7V,21862.21,437.24,78.70,0.00,21346.27,upi,2025-08-06,settled
set_qDrKBsWOy5rFKAFI,2025-08-08,7595002601515325,pay_vZjRcMarDA7kO2mT,ord_ytO3K3uaDlH0Evl0,219.39,4.39,0.79,0.00,214.21,upi,2025-08-06,settled
set_qDrKBsWOy5rFKAFI,2025-08-08,7595002601515325,pay_tQFtOwlzCwdEpDeo,ord_bgPxL61OsL8QRut4,671.50,13.43,2.42,0.00,655.65,amex,2025-08-06,settled
set_qDrKBsWOy5rFKAFI,2025-08-08,7595002601515325,pay_ZFNf4QNDtFu07VZ3,ord_s6XkoJvo779j9nth,4889.59,97.79,17.60,0.00,4774.20,upi,2025-08-05,settled
set_qDrKBsWOy5rFKAFI,2025-08-08,7595002601515325,pay_0I2uZ53wWSrgyuj6,ord_gqKQQJKRSwW6semc,4858.30,97.17,17.49,0.00,4743.64,upi,2025-08-06,settled
set_7oqQnmBR7evr0ci5,2025-08-08,9503100649340391,pay_JdrjGwTCc0iB8Wua,ord_kmUPGOVDUx6wmvmj,505.16,10.10,1.82,0.00,493.24,upi,2025-08-05,settled
set_7oqQnmBR7evr0ci5,2025-08-08,9503100649340391,pay_UCrb4kPBdbNydx4h,ord_C2QJqfpr5bc0GGlw,6229.83,124.60,22.43,0.00,6082.80,upi,2025-08-05,settled
set_7oqQnmBR7evr0ci5,2025-08-08,9503100649340391,pay_Ita3djRFBfffUfUl,ord_IJ6x7oK8r5wNkKTq,1311.23,26.22,4.72,0.00,1280.29,upi,2025-08-06,settled
set_7oqQnmBR7evr0ci5,2025-08-08,9503100649340391,pay_zYujMqKfm0u9B0xn,ord_tVyTZjKMm6mUlBsx,26602.57,532.05,95.77,0.00,25974.75,upi,2025-08-05,settled
set_7oqQnmBR7evr0ci5,2025-08-08,9503100649340391,pay_00njIHcQ1arE1qbZ,ord_MZzoPlZHLPzciboC,29245.24,584.90,105.28,0.00,28555.06,card,2025-08-06,settled
set_AV62afrvDhm479Um,2025-08-08,2855359520561006,pay_M0vYK5p2d6jKz0E9,ord_lqkwKcj5FSWXEaiS,4391.19,87.82,15.81,0.00,4287.56,upi,2025-08-06,settled
set_AV62afrvDhm479Um,2025-08-08,2855359520561006,pay_y5eiZU2Mxcc4Aazl,ord_X8y7xSRsVbPdMh5r,4740.13,94.80,17.06,0.00,4628.27,card,2025-08-06,settled
set_AV62afrvDhm479Um,2025-08-08,2855359520561006,pay_KkJMrh7O2pOUqnqH,ord_ttMMIcpNIH4Mm2Sq,850.08,17.00,3.06,0.00,830.02,upi,2025-08-06,settled
set_AV62afrvDhm479Um,2025-08-08,2855359520561006,pay_Wj8b9lDVhLW9g7Qi,ord_WI3bzXbutXbYMXyF,289.59,5.79,1.04,0.00,282.76,card,2025-08-06,settled
set_AV62afrvDhm479Um,2025-08-08,2855359520561006,pay_fwoPDJ2qtchZf5XX,ord_8v9zB5tUFZrqxXd0,17131.53,342.63,61.67,0.00,16727.23,amex,2025-08-06,settled
set_7jjnYa4zDhsdCrOd,2025-08-08,4233944953006776,pay_npqVoju3DX02ksI0,ord_XhdJrnSppQlIzGsH,737.31,14.75,2.65,0.00,719.91,upi,2025-08-05,settled
set_7jjnYa4zDhsdCrOd,2025-08-08,4233944953006776,pay_fUMbCd68ZSbCBnBn,ord_FmxsFJsntTGATWQI,49236.06,984.72,177.25,0.00,48074.09,amex,2025-08-06,settled
set_7jjnYa4zDhsdCrOd,2025-08-08,4233944953006776,pay_11cYglZK1SSguB0c,ord_HhjSuYYAy2cDDzoU,2243.56,44.87,8.08,0.00,2190.61,upi,2025-08-05,settled
set_7jjnYa4zDhsdCrOd,2025-08-08,4233944953006776,pay_go76LonFZA6qs2XG,ord_vyMTZrHfQXDeDkoS,211.48,4.23,0.76,0.00,206.49,upi,2025-08-06,settled
set_7jjnYa4zDhsdCrOd,2025-08-08,4233944953006776,pay_xZIig0OHDuK5M3QQ,ord_Zu3OGOOZM3EkDbNl,436.13,8.72,1.57,0.00,425.84,upi,2025-08-06,settled
set_v0UAJVAe9TIYRcPk,2025-08-08,2923345110090605,pay_UknLP9q23FAuy5IK,ord_tVmCzTTyS1DS7IQX,1400.49,28.01,5.04,0.00,1367.44,upi,2025-08-06,settled
set_C7Op2x2IWgEccBkA,2025-08-11,7115238023621921,pay_2Nkk6JNWAiQbz5Dl,ord_A9NTv6y4fjjFcJQ3,1149.49,22.99,4.14,0.00,1122.36,amex,2025-08-07,settled
set_C7Op2x2IWgEccBkA,2025-08-11,7115238023621921,pay_obIuPT03TVNvPury,ord_yVEZt53dIsGeNVdw,1462.33,29.25,5.26,0.00,1427.82,upi,2025-08-07,settled
set_C7Op2x2IWgEccBkA,2025-08-11,7115238023621921,pay_wwRBPYr03hH2j9PW,ord_wthxJ5BhnqAUvXtT,3021.71,90.65,16.32,0.00,2914.74,intl_card,2025-08-07,settled
set_C7Op2x2IWgEccBkA,2025-08-11,7115238023621921,pay_6YJMHaXylmgREXTy,ord_z7an1RsRPfaz8FGx,4174.40,83.49,15.03,0.00,4075.88,upi,2025-08-07,settled
set_C7Op2x2IWgEccBkA,2025-08-11,7115238023621921,pay_81pKu6LgL7iHXY76,ord_zxiq70srxZ4HIBVq,4052.09,81.04,14.59,0.00,3956.46,upi,2025-08-06,settled
set_V4wg4sqjavfNXiFk,2025-08-11,5977216880053789,pay_jZLVlk3lyktxtPTi,ord_WsfoaHJQzuGKZV4x,6480.24,129.60,23.33,0.00,6327.31,upi,2025-08-07,settled
set_V4wg4sqjavfNXiFk,2025-08-11,5977216880053789,pay_d8icelXwAHPKg1Pl,ord_5Yl9noMkqyXiSZXG,116910.20,2338.20,420.88,0.00,114151.12,upi,2025-08-07,settled
set_V4wg4sqjavfNXiFk,2025-08-11,5977216880053789,pay_PUlu8lJHAAESoocY,ord_ohZLWumvMi5brH8l,14802.45,296.05,53.29,0.00,14453.11,upi,2025-08-07,settled
set_V4wg4sqjavfNXiFk,2025-08-11,5977216880053789,pay_0s67SoOCR6ESBgjT,ord_DqMwt5o775UKjjmt,33905.72,678.11,122.06,0.00,33105.55,upi,2025-08-06,settled
set_V4wg4sqjavfNXiFk,2025-08-11,5977216880053789,pay_30dClaUpSuprSAmr,ord_4dzvdm4BNJ6lawOH,734.57,14.69,2.64,0.00,717.24,card,2025-08-07,settled
set_1E8lJ4dKfU21o9Is,2025-08-11,7200283948232204,pay_JgOzB59a6G6imH66,ord_B2isTsjSspJxHl1P,2497.45,49.95,8.99,0.00,2438.51,card,2025-08-07,settled
set_1E8lJ4dKfU21o9Is,2025-08-11,7200283948232204,pay_zh8yo1YIAdWmAmZ6,ord_w3zeQSzElIc0Jwfe,7105.47,142.11,25.58,0.00,6937.78,card,2025-08-07,settled
set_1E8lJ4dKfU21o9Is,2025-08-11,7200283948232204,pay_aUduot7S0TxTPsT7,ord_KXth3FkmdB6K3JGM,1387.95,27.76,5.00,0.00,1355.19,upi,2025-08-07,settled
set_1E8lJ4dKfU21o9Is,2025-08-11,7200283948232204,pay_odm0GDeMKe8DZuvL,ord_Is9f9lgvbISm6Csq,1678.87,33.58,6.04,0.00,1639.25,upi,2025-08-07,settled
set_1E8lJ4dKfU21o9Is,2025-08-11,7200283948232204,pay_CrzukskfLcLty0T0,ord_BNaQNpUcpvjV21Jv,935.90,18.72,3.37,0.00,913.81,upi,2025-08-07,settled
set_FR9ot51uE87jsrpt,2025-08-11,0203042322775213,pay_RlweBuh1wTE8AzZE,ord_yHatIUHvVed8lnI6,995.12,19.90,3.58,0.00,971.64,upi,2025-08-07,settled
set_FR9ot51uE87jsrpt,2025-08-11,0203042322775213,pay_uEdC4iwWdOo1kEVL,ord_vpF1VqyMGOTSvdq5,410.28,8.21,1.48,0.00,400.59,upi,2025-08-07,settled
set_FR9ot51uE87jsrpt,2025-08-11,0203042322775213,pay_PlExfVhEtF3cQxYW,ord_xb1bHeoGZiAFlmSf,484.11,14.52,2.61,0.00,466.98,intl_card,2025-08-07,settled
set_FR9ot51uE87jsrpt,2025-08-11,0203042322775213,pay_lHYoyARk3xsTTh99,ord_3oNN2a2XkcHDnjmd,9875.81,296.27,53.33,0.00,9526.21,intl_card,2025-08-07,settled
set_FR9ot51uE87jsrpt,2025-08-11,0203042322775213,pay_P5sJFhqkYJ6tOXyi,ord_tk1bfE8Q2jLHvL0u,250.23,5.00,0.90,0.00,244.33,upi,2025-08-07,settled
set_XM3vfZ2ZYA9Dsk5b,2025-08-11,7569198321029161,pay_qR8uohAYJrF3Rbl1,ord_NzHeAVzDI2wf7i7s,1693.21,33.86,6.09,0.00,1653.26,card,2025-08-06,settled
set_XM3vfZ2ZYA9Dsk5b,2025-08-11,7569198321029161,pay_sVZM5ldQB43v0ef7,ord_GqkKGLJmUcozw6pE,8205.53,164.11,29.54,0.00,8011.88,card,2025-08-07,settled
set_XM3vfZ2ZYA9Dsk5b,2025-08-11,7569198321029161,pay_i9CK8slmhsq2RNFq,ord_lVfd51dVL5K9JsQB,823.45,16.47,2.96,0.00,804.02,upi,2025-08-07,settled
set_XM3vfZ2ZYA9Dsk5b,2025-08-11,7569198321029161,pay_4yXFhiiVxOoGoC9x,ord_EwuCGxfDHPEpuw5M,10288.39,205.77,37.04,0.00,10045.58,upi,2025-08-07,settled
set_XM3vfZ2ZYA9Dsk5b,2025-08-11,7569198321029161,pay_pJBO4qd7WRdrw1qq,ord_1hIlnTd3HoWmsdu0,10199.17,203.98,36.72,0.00,9958.47,amex,2025-08-07,settled
set_dXl1JugHwQ0tyEYK,2025-08-11,9131670805685667,pay_InMbDYEmVPQ2eYZ2,ord_CG0lwAeALFo2Zyvq,294.01,5.88,1.06,0.00,287.07,card,2025-08-07,settled
set_dXl1JugHwQ0tyEYK,2025-08-11,9131670805685667,pay_LUvXAOAuEhBXy4A4,ord_8ymnB5zQLrTVA1jY,265.27,5.31,0.96,0.00,259.00,card,2025-08-06,settled
set_dXl1JugHwQ0tyEYK,2025-08-11,9131670805685667,pay_gD5DOYOzWIgnoazm,ord_ix3byoTdJDG3VsfK,778.99,23.37,4.21,0.00,751.41,intl_card,2025-08-07,settled
set_dXl1JugHwQ0tyEYK,2025-08-11,9131670805685667,pay_kANCHKxOBWBQJM6u,ord_g7yxIPn2iG00RvQ4,6376.00,127.52,22.95,0.00,6225.53,upi,2025-08-06,settled
set_dXl1JugHwQ0tyEYK,2025-08-11,9131670805685667,pay_jrW1jz8CmhC1c465,ord_m4Ze4nW3TEbp9XaK,1401.51,28.03,5.05,0.00,1368.43,card,2025-08-07,settled
set_72COYJjxWDkwwSC7,2025-08-11,6349339650496273,pay_pPQn7CRilq5NFinH,ord_8K2Frn2bQPEPGAXt,283.78,5.68,1.02,0.00,277.08,upi,2025-08-06,settled
set_72COYJjxWDkwwSC7,2025-08-11,6349339650496273,pay_hYngR0RU8JKxXHmD,ord_JNr2xcrgSNriKCOC,306.89,6.14,1.11,0.00,299.64,amex,2025-08-06,settled
set_72COYJjxWDkwwSC7,2025-08-11,6349339650496273,pay_rXOyGaIhBAbnu3ZI,ord_5PXdrQR8HsZAmNWx,9072.79,181.46,32.66,0.00,8858.67,upi,2025-08-06,settled
set_72COYJjxWDkwwSC7,2025-08-11,6349339650496273,pay_V9WWE7qEOt6ayTDg,ord_9Q3UXJt0uxnx8Anz,10144.91,202.90,36.52,0.00,9905.49,upi,2025-08-07,settled
set_72COYJjxWDkwwSC7,2025-08-11,6349339650496273,pay_jXLSMkTjDXQuNqT6,ord_otLlMAZdNkF7JDJJ,694.01,13.88,2.50,0.00,677.63,upi,2025-08-07,settled
set_IKI2HSJNZIzVorQJ,2025-08-11,8808799196234199,pay_4kTcjtv5ngauSska,ord_bhS8ygpi5G2Q3uJR,28378.53,851.36,153.24,0.00,27373.93,intl_card,2025-08-07,settled
set_IKI2HSJNZIzVorQJ,2025-08-11,8808799196234199,pay_YHO2semiY7Xdv89r,ord_LR3h8GNfrWkb7LVX,2248.03,44.96,8.09,0.00,2194.98,card,2025-08-07,settled
set_XSbG5A1ROwkHLHyD,2025-08-12,4893326145430796,pay_0xFQ1xGLBWeN0Irr,ord_bOfRJJlyoZUHpdko,40479.10,809.58,145.72,0.00,39523.80,upi,2025-08-10,settled
set_XSbG5A1ROwkHLHyD,2025-08-12,4893326145430796,pay_NqN9ZQLiIOKYx7X1,ord_0ypjYAONyOACExh3,2314.35,46.29,8.33,0.00,2259.73,card,2025-08-10,settled
set_XSbG5A1ROwkHLHyD,2025-08-12,4893326145430796,pay_oQb4mrNhUIIqBFqA,ord_LjY6O1QmS4rsNe9i,1042.95,20.86,3.75,0.00,1018.34,upi,2025-08-09,settled
set_XSbG5A1ROwkHLHyD,2025-08-12,4893326145430796,pay_aLvKRI7eEkJlxdy1,ord_0Avn4Yk3gLazPS7o,172458.41,3449.17,620.85,0.00,168388.39,upi,2025-08-10,settled
set_XSbG5A1ROwkHLHyD,2025-08-12,4893326145430796,pay_UQV3D5UjlEiNBsYR,ord_UfwbEmc71n5alZ4E,387.70,7.75,1.40,0.00,378.55,upi,2025-08-09,settled
set_XSbG5A1ROwkHLHyD,2025-08-12,4893326145430796,pay_PpLv9sJHbcME2f77,ord_PC07niVM9WSTpBmK,1714.49,34.29,6.17,0.00,1674.03,upi,2025-08-09,settled
set_NvO7qBhqH6y5IHWi,2025-08-12,1845235426874470,pay_YSd5bMWOxUTmxIRt,ord_LBxzgUjowepgicj3,293.53,5.87,1.06,0.00,286.60,upi,2025-08-08,settled
set_NvO7qBhqH6y5IHWi,2025-08-12,1845235426874470,pay_CdrtIeBoawWKcIjA,ord_4ShIeT49lfqpCCI1,20013.54,400.27,72.05,0.00,19541.22,upi,2025-08-07,settled
set_NvO7qBhqH6y5IHWi,2025-08-12,1845235426874470,pay_5zACrLf8nx62x6tR,ord_DYFfvIIieoMmtPEw,235.90,4.72,0.85,0.00,230.33,upi,2025-08-09,settled
set_NvO7qBhqH6y5IHWi,2025-08-12,1845235426874470,pay_bTekG58rjejhR9wP,ord_EnDJiS9HvlxNgbb1,1130.56,22.61,4.07,0.00,1103.88,upi,2025-08-10,settled
set_NvO7qBhqH6y5IHWi,2025-08-12,1845235426874470,pay_4fCt3yARrpIZ2SHu,ord_KRWFLvPdP2oIHjC1,7448.17,148.96,26.81,0.00,7272.40,amex,2025-08-10,settled
set_NvO7qBhqH6y5IHWi,2025-08-12,1845235426874470,pay_8PXIJhr2xE1GmiVP,ord_Ot2WVf4olbZjzHhw,296.63,5.93,1.07,0.00,289.63,upi,2025-08-10,settled
set_GM715pqZVuJ4cIaq,2025-08-12,6337014005278105,pay_AEqbr4K4y8rSeK3n,ord_6rEKGD2iBYvFQJo2,4878.17,97.56,17.56,0.00,4763.05,upi,2025-08-08,settled
set_GM715pqZVuJ4cIaq,2025-08-12,6337014005278105,pay_VsurDffI7MghdUh0,ord_XdU7nSKpLzlBM4XM,364.54,7.29,1.31,0.00,355.94,card,2025-08-08,settled
set_GM715pqZVuJ4cIaq,2025-08-12,6337014005278105,pay_EgXEtrPnYc8l88Yu,ord_UWNug9z8Apb4mm7q,276.77,5.54,1.00,0.00,270.23,upi,2025-08-09,settled
set_GM715pqZVuJ4cIaq,2025-08-12,6337014005278105,pay_UabQwX2h811bMxDh,ord_RryWmodZL97yBWCy,314.53,6.29,1.13,0.00,307.11,card,2025-08-09,settled
set_GM715pqZVuJ4cIaq,2025-08-12,6337014005278105,pay_jIFYAZWTbf6UpgYU,ord_PQOzzWwHE7eA170X,2574.87,51.50,9.27,0.00,2514.10,upi,2025-08-09,settled
set_GM715pqZVuJ4cIaq,2025-08-12,6337014005278105,pay_v3V9KdRAXbgyy1SD,ord_TPHGKIPFTZKmUBDY,2628.31,52.57,9.46,0.00,2566.28,card,2025-08-09,settled
set_Ug9C5dqtELc0MalO,2025-08-12,9136817203136955,pay_EXPGKPSEfl5AxzMZ,ord_0EE1Z6jjCFojTQpT,35211.92,1056.36,190.14,0.00,33965.42,intl_card,2025-08-08,settled
set_Ug9C5dqtELc0MalO,2025-08-12,9136817203136955,pay_hafOTdCDBPM2S6JN,ord_KSF0TYeoFhL2WbQc,14363.61,287.27,51.71,0.00,14024.63,amex,2025-08-07,settled
set_Ug9C5dqtELc0MalO,2025-08-12,9136817203136955,pay_nDCrthtN8wREQjka,ord_HPZPl34RApa10bO0,2551.60,51.03,9.19,0.00,2491.38,card,2025-08-10,settled
set_Ug9C5dqtELc0MalO,2025-08-12,9136817203136955,pay_Elk1432IQ9iGWlgS,ord_dsd8Coq4eRlXGnRW,4269.24,85.38,15.37,0.00,4168.49,upi,2025-08-08,settled
set_Ug9C5dqtELc0MalO,2025-08-12,9136817203136955,pay_4cVvue98ATn7jp3k,ord_2ozm6RqNbOW8W3nD,372.76,7.46,1.34,0.00,363.96,upi,2025-08-08,settled
set_Ug9C5dqtELc0MalO,2025-08-12,9136817203136955,pay_miI8AsPJ21x8Vg8I,ord_GIt6ibWrBgrnGdRi,2052.03,41.04,7.39,0.00,2003.60,upi,2025-08-10,settled
set_rgY4BnjnePHXmz1q,2025-08-12,3222739389920457,pay_gl2d0JOibcRbWW6o,ord_irgunRIvSmZXeeTe,1188.83,23.78,4.28,0.00,1160.77,upi,2025-08-10,settled
set_rgY4BnjnePHXmz1q,2025-08-12,3222739389920457,pay_E3t9qsMfuIlwgYf6,ord_FfR6W6UAvttcpWDh,943.55,18.87,3.40,0.00,921.28,upi,2025-08-07,settled
set_rgY4BnjnePHXmz1q,2025-08-12,3222739389920457,pay_GaPvK3BnsXmRczSg,ord_pebQuHaRqepCYlAS,2839.02,56.78,10.22,0.00,2772.02,upi,2025-08-07,settled
set_rgY4BnjnePHXmz1q,2025-08-12,3222739389920457,pay_G8LAY0N74FFy5xFh,ord_6cggaqI9euK4yBN9,292.63,5.85,1.05,0.00,285.73,card,2025-08-07,settled
set_rgY4BnjnePHXmz1q,2025-08-12,3222739389920457,pay_Jw2zyiZiz55OcIoH,ord_rrcq5wmo5aho4zEK,273.06,5.46,0.98,0.00,266.62,upi,2025-08-08,settled
set_rgY4BnjnePHXmz1q,2025-08-12,3222739389920457,pay_m6BJKdzDrx8TQxhn,ord_w1AAy1mJm2c2wGHr,1744.26,34.89,6.28,0.00,1703.09,upi,2025-08-07,settled
set_qzwNVIaFVCY4icfY,2025-08-12,7182360107126158,pay_D3RcbUQmbeTkEy1h,ord_pZ3rvhwoEBzppVyz,4233.66,84.67,15.24,0.00,4133.75,upi,2025-08-09,settled
set_qzwNVIaFVCY4icfY,2025-08-12,7182360107126158,pay_q0ucEkTliSflsYZi,ord_Yo7JSxt54lWFWMbY,3588.90,71.78,12.92,0.00,3504.20,upi,2025-08-08,settled
set_qzwNVIaFVCY4icfY,2025-08-12,7182360107126158,pay_fibMBJBdEOYGHnpB,ord_5R9hasvQ7c9O4RqR,1069.07,21.38,3.85,0.00,1043.84,upi,2025-08-07,settled
set_qzwNVIaFVCY4icfY,2025-08-12,7182360107126158,pay_0thyG5ohn0wGvyBz,ord_OFqeIn9CZCEFuve7,4350.39,87.01,15.66,0.00,4247.72,card,2025-08-10,settled
set_qzwNVIaFVCY4icfY,2025-08-12,7182360107126158,pay_AYs0k2CkNwkIi3N4,ord_5PrE28Ej05fYDrGd,39608.18,792.16,142.59,0.00,38673.43,upi,2025-08-08,settled
set_qzwNVIaFVCY4icfY,2025-08-12,7182360107126158,pay_f5bS35PTaUfZgtN8,ord_DXK7gAXB4i17LmLN,8116.65,162.33,29.22,0.00,7925.10,upi,2025-08-09,settled
set_N7qnLF1p0arQ1wdU,2025-08-12,4223322280194425,pay_UqAeOGKx3NUVC0Tp,ord_FCIAwj1Vq7tgLMzf,857.06,17.14,3.09,0.00,836.83,upi,2025-08-09,settled
set_N7qnLF1p0arQ1wdU,2025-08-12,4223322280194425,pay_CHFdl2NQyQT8hGED,ord_Xce7YvSQnlxbXdUh,1159.38,23.19,4.17,0.00,1132.02,card,2025-08-09,settled
set_N7qnLF1p0arQ1wdU,2025-08-12,4223322280194425,pay_36oru68x0MhbUuyw,ord_jbWMrp8Jb8hHB5v6,1449.26,28.99,5.22,0.00,1415.05,card,2025-08-09,settled
set_N7qnLF1p0arQ1wdU,2025-08-12,4223322280194425,pay_lukb2mh2InSwQaSZ,ord_eDWCM4WdcC8Urgzz,15230.92,304.62,54.83,0.00,14871.47,upi,2025-08-08,settled
set_N7qnLF1p0arQ1wdU,2025-08-12,4223322280194425,pay_dyBvOvsaSBa6mdvf,ord_pQJytRM261uAEiML,2923.84,58.48,10.53,0.00,2854.83,upi,2025-08-10,settled
set_N7qnLF1p0arQ1wdU,2025-08-12,4223322280194425,pay_MHkec4lrJbGYiusI,ord_wmgaZJkv65iGRhVZ,15708.15,314.16,56.55,0.00,15337.44,upi,2025-08-10,settled
set_iptJy9nLtVDL39UX,2025-08-12,0637311804674130,pay_zUWrSKyOSX9XimPP,ord_Z0dt35EfrkjhCh4A,3652.67,73.05,13.15,0.00,3566.47,amex,2025-08-10,settled
set_iptJy9nLtVDL39UX,2025-08-12,0637311804674130,pay_aY64Sx0rYtVnWRFm,ord_YKbftvyxBX0v5kJt,47909.97,958.20,172.48,0.00,46779.29,upi,2025-08-08,settled
set_iptJy9nLtVDL39UX,2025-08-12,0637311804674130,pay_Q55HDAAKKfFjEzR9,ord_I91sOFsyyhAqD2CC,3672.94,73.46,13.22,0.00,3586.26,card,2025-08-08,settled
set_iptJy9nLtVDL39UX,2025-08-12,0637311804674130,pay_OvzpX3rPiryRtHy1,ord_j6XiIFbVkcmacZxT,357.32,7.15,1.29,0.00,348.88,upi,2025-08-10,settled
set_iptJy9nLtVDL39UX,2025-08-12,0637311804674130,pay_hRnOM5ya0V5BtkrL,ord_qZJEo6EjUYckCkvQ,139733.43,2794.67,503.04,0.00,136435.72,upi,2025-08-10,settled
set_iptJy9nLtVDL39UX,2025-08-12,0637311804674130,pay_iLXclXZbEITYOK6B,ord_vsdG1zBKEfgYaHrO,12001.14,240.02,43.20,0.00,11717.92,upi,2025-08-08,settled
set_eT16voUAoNXYDwpO,2025-08-12,7561547055491215,pay_xzIrNmhE9s8i3emB,ord_Xw5U2a5Hvu05nnDg,2903.42,58.07,10.45,0.00,2834.90,upi,2025-08-09,settled
set_eT16voUAoNXYDwpO,2025-08-12,7561547055491215,pay_dcEJSyHSmNwVc04a,ord_rTuSMn6LBSMzqEcH,760.51,15.21,2.74,0.00,742.56,card,2025-08-09,settled
set_eT16voUAoNXYDwpO,2025-08-12,7561547055491215,pay_T1XDiPuXEkutn3nW,ord_iPA0ugfxCRBnqCuy,6942.84,138.86,24.99,0.00,6778.99,amex,2025-08-10,settled
set_eT16voUAoNXYDwpO,2025-08-12,7561547055491215,pay_uneb0QFlB584hALx,ord_OfpIejVHNEpSQD71,40932.08,818.64,147.36,0.00,39966.08,card,2025-08-09,settled
set_eT16voUAoNXYDwpO,2025-08-12,7561547055491215,pay_Vt8zwQRq2YIhhjSu,ord_3HIrlVi0JkWpaQwX,353.63,7.07,1.27,0.00,345.29,upi,2025-08-10,settled
set_eT16voUAoNXYDwpO,2025-08-12,7561547055491215,pay_7E5RtrXdjMWHrkgc,ord_ywgDzhyouMoH1rAb,236.93,4.74,0.85,0.00,231.34,card,2025-08-09,settled
set_F8QEvpUQjpjX9kbe,2025-08-12,2070204262019712,pay_zNIqRkRboafDgXDG,ord_wnlK81F1e9kzRttP,1962.05,39.24,7.06,0.00,1915.75,amex,2025-08-09,settled
set_F8QEvpUQjpjX9kbe,2025-08-12,2070204262019712,pay_rdPTkU6PahKGxeii,ord_FK1ePImdsjOvPTUJ,29899.57,597.99,107.64,0.00,29193.94,upi,2025-08-09,settled
set_F8QEvpUQjpjX9kbe,2025-08-12,2070204262019712,pay_GmZgaHv0ZhzIajM5,ord_Rn194R0Y34CnEFxs,238.27,4.77,0.86,0.00,232.64,upi,2025-08-08,settled
set_F8QEvpUQjpjX9kbe,2025-08-12,2070204262019712,pay_sXQrMZDMLf28qUrp,ord_SicBAQ7zdo3ZeqPH,1584.55,31.69,5.70,0.00,1547.16,card,2025-08-08,settled
set_F8QEvpUQjpjX9kbe,2025-08-12,2070204262019712,pay_4IRFRJZdGETkIF1a,ord_hCOGfHEMjzqEaRBl,12420.43,248.41,44.71,0.00,12127.31,amex,2025-08-09,settled
set_F8QEvpUQjpjX9kbe,2025-08-12,2070204262019712,pay_P0gH0RBT1kLKXIB7,ord_9MWMkU44fAQonY9r,20361.71,407.23,73.30,0.00,19881.18,upi,2025-08-08,settled
set_tFT6jua6ZgoZjgNK,2025-08-12,7731922760759889,pay_tu0HMhMjLnWg7HNP,ord_YJkv0Q30zKuApfl4,718.63,14.37,2.59,0.00,701.67,upi,2025-08-10,settled
set_tFT6jua6ZgoZjgNK,2025-08-12,7731922760759889,pay_lU1qUNLYvSbxKkaL,ord_v98iVN3Rvnpqnnfh,2672.40,53.45,9.62,0.00,2609.33,card,2025-08-07,settled
set_tFT6jua6ZgoZjgNK,2025-08-12,7731922760759889,pay_KDy6Pund4yRjnWmz,ord_HxxhnvCqhorA0yNZ,857.85,17.16,3.09,0.00,837.60,upi,2025-08-09,settled
set_tFT6jua6ZgoZjgNK,2025-08-12,7731922760759889,pay_WzFq98ZyiEe37WPn,ord_zj69pQCudo4LkneF,43872.45,877.45,157.94,0.00,42837.06,upi,2025-08-09,settled
set_tFT6jua6ZgoZjgNK,2025-08-12,7731922760759889,pay_D4ZGd9NZkWRb9Qva,ord_xmMEJ2gPGBfY5SdL,584.37,11.69,2.10,0.00,570.58,upi,2025-08-07,settled
set_tFT6jua6ZgoZjgNK,2025-08-12,7731922760759889,pay_TOMjq5HnviVPR2r9,ord_vWVzlu4oILNaVoaR,302.99,6.06,1.09,0.00,295.84,card,2025-08-10,settled
set_dhV066q3rTHFvUL7,2025-08-12,9523120219150576,pay_ekSVFn1rZMm5UNoZ,ord_SBeuNwubkvIxYI34,45523.95,910.48,163.89,0.00,44449.58,upi,2025-08-08,settled
set_dhV066q3rTHFvUL7,2025-08-12,9523120219150576,pay_UuPjZGtJjkOl3hoZ,ord_4fYLTN3wD9gv98Go,15987.23,319.74,57.55,0.00,15609.94,upi,2025-08-08,settled
set_dhV066q3rTHFvUL7,2025-08-12,9523120219150576,pay_VN6FYworFPeMIDqw,ord_5L7CxsoNP4TzjHpD,4887.43,97.75,17.59,0.00,4772.09,upi,2025-08-07,settled
set_dhV066q3rTHFvUL7,2025-08-12,9523120219150576,pay_v6Qmy74B3XRMIHRw,ord_Ef9jPu0WNQDa1wBp,1123.66,22.47,4.04,0.00,1097.15,upi,2025-08-09,settled
set_dhV066q3rTHFvUL7,2025-08-12,9523120219150576,pay_kSvYURIjzK0SuMyl,ord_vqIGmCwCWI4UZMw2,170688.15,3413.76,614.48,0.00,166659.91,card,2025-08-09,settled
set_dhV066q3rTHFvUL7,2025-08-12,9523120219150576,pay_cukynSNyQ0EpLZ4s,ord_Hiuf2Wu6CpaSWoUJ,4604.68,92.09,16.58,0.00,4496.01,card,2025-08-07,settled
set_QRnxRADI8cShveSb,2025-08-12,7416365604500635,pay_jFZ9BqiNNGGYKwjH,ord_eiPepyiNsVwcxxpY,1611.80,32.24,5.80,0.00,1573.76,upi,2025-08-08,settled
set_QRnxRADI8cShveSb,2025-08-12,7416365604500635,pay_wPltCuMO8N4Zdx7Q,ord_2ITgIHCH2zu5R2mv,764.77,15.30,2.75,0.00,746.72,card,2025-08-08,settled
set_QRnxRADI8cShveSb,2025-08-12,7416365604500635,pay_xRzhqFDEalC94FY8,ord_nk2EOnz9HUTMUdgn,4595.48,91.91,16.54,0.00,4487.03,card,2025-08-10,settled
set_QRnxRADI8cShveSb,2025-08-12,7416365604500635,pay_jspFB0o53CgzZZH4,ord_58j5EwB6pQ8McFI5,1875.48,37.51,6.75,0.00,1831.22,card,2025-08-09,settled
set_QRnxRADI8cShveSb,2025-08-12,7416365604500635,pay_9uEmCSH0MfuUi39M,ord_BvEwsT04b2LdcUqr,26447.45,528.95,95.21,0.00,25823.29,card,2025-08-08,settled
set_QRnxRADI8cShveSb,2025-08-12,7416365604500635,pay_Marjpe6kMhDUd12x,ord_ORyupimxgLegJBvv,577.48,11.55,2.08,0.00,563.85,upi,2025-08-10,settled
set_TNMkXQaLcE2jWjXT,2025-08-12,0597025512827636,pay_H2wGq5y9Sc1K5ioR,ord_XgrZSLhON1IcDZZg,10588.50,211.77,38.12,0.00,10338.61,card,2025-08-10,settled
set_TNMkXQaLcE2jWjXT,2025-08-12,0597025512827636,pay_H0cnT45E5Nb0WX1L,ord_QLJBM1Xgr8NaDaDG,2217.43,44.35,7.98,0.00,2165.10,upi,2025-08-09,settled
set_TNMkXQaLcE2jWjXT,2025-08-12,0597025512827636,pay_Ei7CnS8oXw9KnHRC,ord_7AvAeeyleNocblA2,74200.28,1484.01,267.12,0.00,72449.15,upi,2025-08-08,settled
set_TNMkXQaLcE2jWjXT,2025-08-12,0597025512827636,pay_sFUUZp7LEhyU9Kot,ord_Lv46F3kWoXbfk6GS,3300.55,66.01,11.88,0.00,3222.66,amex,2025-08-09,settled
set_TNMkXQaLcE2jWjXT,2025-08-12,0597025512827636,pay_3AnRsErklmg4WYRj,ord_uT2wJTVWAkqDfz1a,563.44,11.27,2.03,0.00,550.14,upi,2025-08-07,settled
set_TNMkXQaLcE2jWjXT,2025-08-12,0597025512827636,pay_6NDWkmtaVpYWwSJ9,ord_AJ9wVYkgtEFRz4V7,554.21,11.08,1.99,0.00,541.14,card,2025-08-08,settled
set_S90m4mijUY5ZaSUQ,2025-08-12,4344149169993934,pay_bscYIoZBXABCS95G,ord_OZ9a13x6WAppYgpH,4025.21,120.76,21.74,0.00,3882.71,intl_card,2025-08-10,settled
set_S90m4mijUY5ZaSUQ,2025-08-12,4344149169993934,pay_N9Xo71QwfwGA88Zh,ord_5Nt5w1tSy4JBYadV,10771.57,215.43,38.78,0.00,10517.36,card,2025-08-10,settled
set_S90m4mijUY5ZaSUQ,2025-08-12,4344149169993934,pay_DQ8vehAZLsH1oIIJ,ord_IGOXiyvHNmiEo46n,1697.41,33.95,6.11,0.00,1657.35,card,2025-08-08,settled
set_S90m4mijUY5ZaSUQ,2025-08-12,4344149169993934,pay_KJARUJL9kSAFticx,ord_F2tD6p3GWmWKiErM,2809.64,56.19,10.11,0.00,2743.34,card,2025-08-09,settled
set_S90m4mijUY5ZaSUQ,2025-08-12,4344149169993934,pay_O3GHPpz6TTwbJvgI,ord_Ftb9xRx8a3IkFMd1,861.00,17.22,3.10,0.00,840.68,amex,2025-08-09,settled
set_S90m4mijUY5ZaSUQ,2025-08-12,4344149169993934,pay_zxbHrp7iCvgB5BE3,ord_YC5Jj88x28Z2r2sT,13809.75,276.19,49.71,0.00,13483.85,upi,2025-08-09,settled
set_RbO22QgpoiJCUald,2025-08-12,3988941321097202,pay_GR16PEUvwf45QdZc,ord_nw0mQi6MFbmkBr5E,947.98,28.44,5.12,0.00,914.42,intl_card,2025-08-10,settled
set_RbO22QgpoiJCUald,2025-08-12,3988941321097202,pay_tmiKnp5NXue4n8pO,ord_Hpfj5HdeCgrkQCzN,2269.28,45.39,8.17,0.00,2215.72,upi,2025-08-08,settled
set_UqdA68EjNEriLrYN,2025-08-13,1388503423622033,pay_ivpGzm4b54yYjTUU,ord_HVAqDzalAdRFamtL,305.84,6.12,1.10,0.00,298.62,upi,2025-08-08,settled
set_UqdA68EjNEriLrYN,2025-08-13,1388503423622033,pay_VeXjrBvL3AZ7jDS3,ord_gjo8TtOQSFi2otME,6056.60,121.13,21.80,0.00,5913.67,upi,2025-08-11,settled
set_UqdA68EjNEriLrYN,2025-08-13,1388503423622033,pay_gxaXtYaOcQbCYIZ5,ord_smBKUUp4xodm3hUw,2500.96,50.02,9.00,0.00,2441.94,card,2025-08-10,settled
set_UqdA68EjNEriLrYN,2025-08-13,1388503423622033,pay_ZiS3DWnfMsmJlYQc,ord_Yczqda2KIt80G4dj,894.67,17.89,3.22,0.00,873.56,card,2025-08-11,settled
set_UqdA68EjNEriLrYN,2025-08-13,1388503423622033,pay_z1LxygpOIPNfvQcH,ord_gbzC9gYtifnDSYSz,2803.54,56.07,10.09,0.00,2737.38,upi,2025-08-11,settled
set_UqdA68EjNEriLrYN,2025-08-13,1388503423622033,pay_GUP2lUUc0kBKeyAR,ord_u7UGk4riuhYrMFl2,7459.04,149.18,26.85,0.00,7283.01,upi,2025-08-10,settled
set_TSQMGSpsZtpowhBi,2025-08-13,5294690217741743,pay_WD9NomUlW50ThygO,ord_s6p0OSpyjIXtGgLw,3545.84,70.92,12.77,0.00,3462.15,card,2025-08-11,settled
set_TSQMGSpsZtpowhBi,2025-08-13,5294690217741743,pay_R4IaL2mFJe6lzBFc,ord_vR9qH8YxV6uMffCI,7997.91,159.96,28.79,0.00,7809.16,upi,2025-08-09,settled
set_TSQMGSpsZtpowhBi,2025-08-13,5294690217741743,pay_5KHqk3XN1zY9yu8H,ord_B3hnSPyZcqJZcVI1,4850.74,97.01,17.46,0.00,4736.27,upi,2025-08-09,settled
set_TSQMGSpsZtpowhBi,2025-08-13,5294690217741743,pay_OJCg6WLCFkGOPXNl,ord_GPnuEXAcxqYhZg76,2649.65,52.99,9.54,0.00,2587.12,card,2025-08-09,settled
set_TSQMGSpsZtpowhBi,2025-08-13,5294690217741743,pay_FDDBroaXLVsprDtV,ord_KJvE6mcijq2n9U8T,2537.93,50.76,9.14,0.00,2478.03,amex,2025-08-11,settled
set_TSQMGSpsZtpowhBi,2025-08-13,5294690217741743,pay_lAb9yIAxVxNuFXmc,ord_UoqJjy7KTwsnRWqU,44735.55,1342.07,241.57,0.00,43151.91,intl_card,2025-08-11,settled
set_9S0DOxz6KylRYLut,2025-08-13,2332829302025691,pay_wvRXbRPAtm6VqrGE,ord_byV4yNE8QpaBYAoc,6882.21,137.64,24.78,0.00,6719.79,upi,2025-08-10,settled
set_9S0DOxz6KylRYLut,2025-08-13,2332829302025691,pay_be8sVVoovEBjiyod,ord_BXa7GWTE6oOroy2A,2659.51,53.19,9.57,0.00,2596.75,upi,2025-08-08,settled
set_9S0DOxz6KylRYLut,2025-08-13,2332829302025691,pay_DpxmJPpYmqbXznMP,ord_ejntj8wgx0F5l9uv,1025.42,20.51,3.69,0.00,1001.22,card,2025-08-10,settled
set_9S0DOxz6KylRYLut,2025-08-13,2332829302025691,pay_JqHWJ1XnsoWNeF0l,ord_5w4qKyGolT2ZlqPY,11866.11,237.32,42.72,0.00,11586.07,upi,2025-08-09,settled
set_9S0DOxz6KylRYLut,2025-08-13,2332829302025691,pay_LC6PzvPujr2rEIbl,ord_d8q48pJbuIXXKBqy,948.02,18.96,3.41,0.00,925.65,upi,2025-08-11,settled
set_9S0DOxz6KylRYLut,2025-08-13,2332829302025691,pay_m0XM8uhPeixeVE93,ord_9xGomZeu5GbkCRaN,903.69,18.07,3.25,0.00,882.37,upi,2025-08-11,settled
set_N2ONPdEqpac5A1Id,2025-08-13,9553024530123984,pay_4IFwpBYVrYLbxN3D,ord_NQ5gndcUio3TGW3J,498.57,9.97,1.79,0.00,486.81,upi,2025-08-11,settled
set_N2ONPdEqpac5A1Id,2025-08-13,9553024530123984,pay_ILR6NyP6WY5XdZgf,ord_Q7pwCNxXg7QeulUq,298.32,5.97,1.07,0.00,291.28,card,2025-08-09,settled
set_N2ONPdEqpac5A1Id,2025-08-13,9553024530123984,pay_kJRxRWHTmT7j8ZX5,ord_h7fPhXmj9gw2vlS9,305.76,6.12,1.10,0.00,298.54,upi,2025-08-11,settled
set_N2ONPdEqpac5A1Id,2025-08-13,9553024530123984,pay_1Ip1vu2sL6trmkNq,ord_K0nly08WvF4FrDE5,576.20,11.52,2.07,0.00,562.61,card,2025-08-11,settled
set_N2ONPdEqpac5A1Id,2025-08-13,9553024530123984,pay_QIIGbwXAJM3c9q0p,ord_KWN9xOeWjc8I2EYs,4642.85,92.86,16.71,0.00,4533.28,upi,2025-08-11,settled
set_N2ONPdEqpac5A1Id,2025-08-13,9553024530123984,pay_rRVej1IHgrDBOlIS,ord_iQw5qM3jAUmRaOmj,90459.37,1809.19,325.65,0.00,88324.53,card,2025-08-08,settled
set_yKBQ4xChc6xyx4Bc,2025-08-13,2224050764871775,pay_i066vLn2q5rQD5ev,ord_XTYdhc471ZMU3o6a,9866.85,197.34,35.52,0.00,9633.99,amex,2025-08-11,settled
set_yKBQ4xChc6xyx4Bc,2025-08-13,2224050764871775,pay_bYZNI18gMG92zB6D,ord_S9mAWtRPAo16ksq6,345.21,6.90,1.24,0.00,337.07,upi,2025-08-08,settled
set_yKBQ4xChc6xyx4Bc,2025-08-13,2224050764871775,pay_3pS4Hyv1M9N0pX6f,ord_hAEpv1aGhr8wo6uJ,3565.69,71.31,12.84,0.00,3481.54,amex,2025-08-11,settled
set_yKBQ4xChc6xyx4Bc,2025-08-13,2224050764871775,pay_6qletFMAUplRa4Ii,ord_CIPp2aj1mM2tQqZZ,629.55,12.59,2.27,0.00,614.69,upi,2025-08-08,settled
set_yKBQ4xChc6xyx4Bc,2025-08-13,2224050764871775,pay_WZjzHLQW145Xz82E,ord_qTjqMIiSFjmhX2bI,10803.22,216.06,38.89,0.00,10548.27,card,2025-08-11,settled
set_yKBQ4xChc6xyx4Bc,2025-08-13,2224050764871775,pay_3SGV3s3nhD7tjutR,ord_bA7MqIoJ5QoPX4KY,9777.00,195.54,35.20,0.00,9546.26,upi,2025-08-08,settled
set_zZmz6LQXnO2bwdJf,2025-08-13,1225909566844823,pay_nDDPVXfENUgoRodc,ord_BP0mOdH6cPWl7swK,12962.27,259.25,46.66,0.00,12656.36,amex,2025-08-08,settled
set_zZmz6LQXnO2bwdJf,2025-08-13,1225909566844823,pay_VDCnGZ5XbeyiC7lJ,ord_BUqZKcHmBYiBnIcD,11517.55,230.35,41.46,0.00,11245.74,upi,2025-08-10,settled
set_zZmz6LQXnO2bwdJf,2025-08-13,1225909566844823,pay_c4G3girdGFW5ax8G,ord_JtuiHdSWDp8OaAxk,715.66,14.31,2.58,0.00,698.77,upi,2025-08-10,settled
set_zZmz6LQXnO2bwdJf,2025-08-13,1225909566844823,pay_jdzbjsMMZdCTB8hX,ord_f9WDTKjtiCdZOlmc,47033.22,940.66,169.32,0.00,45923.24,upi,2025-08-09,settled
set_zZmz6LQXnO2bwdJf,2025-08-13,1225909566844823,pay_PnEVUrhP79jkvKJY,ord_XuKuKb8CaKxeuhYS,570.30,11.41,2.05,0.00,556.84,upi,2025-08-10,settled
set_zZmz6LQXnO2bwdJf,2025-08-13,1225909566844823,pay_IdwdiEUy5ae1A2MJ,ord_M4S4NLtuu4rrYOTR,5162.20,103.24,18.58,0.00,5040.38,amex,2025-08-11,settled
set_embvELIFCg7Cr8iy,2025-08-13,9017074039251999,pay_fM3cdXkyNTnysKHg,ord_ouQFyljde4EKvfwT,530.38,10.61,1.91,0.00,517.86,upi,2025-08-11,settled
set_embvELIFCg7Cr8iy,2025-08-13,9017074039251999,pay_6a8Ahy6A45HsAczi,ord_gHsqhSmx6y6E3cE3,3578.74,71.57,12.88,0.00,3494.29,upi,2025-08-08,settled
set_embvELIFCg7Cr8iy,2025-08-13,9017074039251999,pay_sKddcuuHvSTqdfYA,ord_koFd28YNXalEiD5d,594.27,11.89,2.14,0.00,580.24,upi,2025-08-09,settled
set_embvELIFCg7Cr8iy,2025-08-13,9017074039251999,pay_lA4JCI1ISRNqDtdy,ord_ypJjTMscM9bzlPUj,9578.28,287.35,51.72,0.00,9239.21,intl_card,2025-08-11,settled
set_embvELIFCg7Cr8iy,2025-08-13,9017074039251999,pay_p9Fm5saHjnGWlVYv,ord_sZaNKIi0WZR2HAoI,683.66,13.67,2.46,0.00,667.53,amex,2025-08-11,settled
set_embvELIFCg7Cr8iy,2025-08-13,9017074039251999,pay_ZClqgORQBsJ6069X,ord_Is8Lhnsvik6sp3h2,851.22,17.02,3.06,0.00,831.14,upi,2025-08-10,settled
set_PWlt3GGK46uPiLB1,2025-08-13,2216265496330833,pay_sMcMrHFEQ9rcWRpa,ord_3IiTY0bFDnkN6RBh,4910.09,98.20,17.68,0.00,4794.21,amex,2025-08-11,settled
set_PWlt3GGK46uPiLB1,2025-08-13,2216265496330833,pay_vUwkF6CrCYzJAfIV,ord_NW81fwLRKT1oJ2uO,506.02,10.12,1.82,0.00,494.08,card,2025-08-11,settled
set_PWlt3GGK46uPiLB1,2025-08-13,2216265496330833,pay_jMQdUci0NRfMeFLR,ord_fdta7xRC5utiDdKD,11591.56,231.83,41.73,0.00,11318.00,card,2025-08-08,settled
set_PWlt3GGK46uPiLB1,2025-08-13,2216265496330833,pay_YjyX8s59YRzyBM66,ord_DY9QyLE8MYoGhamG,3061.53,61.23,11.02,0.00,2989.28,upi,2025-08-11,settled
set_PWlt3GGK46uPiLB1,2025-08-13,2216265496330833,pay_qyZWwIYU1kKspRCC,ord_T1ebhBb7v7LflaPw,349.39,6.99,1.26,0.00,341.14,upi,2025-08-08,settled
set_PWlt3GGK46uPiLB1,2025-08-13,2216265496330833,pay_2pIhpFpXBFBvRzeH,ord_wVaWfV0yG7nzrbt7,2977.23,59.54,10.72,0.00,2906.97,upi,2025-08-08,settled
set_8Sb4BfgfjUQBK1mX,2025-08-13,8519537749266329,pay_7MDns9TaoNlv3yFD,ord_Sl1Tcv1g26nmDWnQ,13260.06,265.20,47.74,0.00,12947.12,card,2025-08-11,settled
set_8Sb4BfgfjUQBK1mX,2025-08-13,8519537749266329,pay_skgkOigtyTz7Kn6U,ord_A0SJYEYcFcn3cFt4,4951.24,99.02,17.82,0.00,4834.40,upi,2025-08-10,settled
set_8Sb4BfgfjUQBK1mX,2025-08-13,8519537749266329,pay_7Dh6umDtDQNbaPZK,ord_trgi9dX7chhp1qxQ,658.78,13.18,2.37,0.00,643.23,card,2025-08-11,settled
set_urYbcsJZzsp7CXUQ,2025-08-14,8085133138004983,pay_4BwF9paE01jw38v0,ord_BkZk4ih9dwWNvtSc,16414.69,328.29,59.09,0.00,16027.31,upi,2025-08-12,settled
set_urYbcsJZzsp7CXUQ,2025-08-14,8085133138004983,pay_24N91F8q6ptAleMb,ord_XYs5cVPEHXiYEyPe,256.22,5.12,0.92,0.00,250.18,upi,2025-08-12,settled
set_urYbcsJZzsp7CXUQ,2025-08-14,8085133138004983,pay_f8FkHTpldZ1ouGya,ord_29hgjPi6tqweUzX6,9952.03,199.04,35.83,0.00,9717.16,upi,2025-08-12,settled
set_urYbcsJZzsp7CXUQ,2025-08-14,8085133138004983,pay_qGeY3oh7ZOh4pBtY,ord_oWd8KMqFdKJex6eO,167732.87,3354.66,603.84,0.00,163774.37,upi,2025-08-12,settled
set_urYbcsJZzsp7CXUQ,2025-08-14,8085133138004983,pay_wncYkLabzfjqbY69,ord_MxZGakQhjl9YMiiL,11140.25,222.81,40.11,0.00,10877.33,upi,2025-08-12,settled
set_rJyF0FzwXSp2sh1h,2025-08-14,8764019185488064,pay_UL4l3hlckOThIVdc,ord_Jq53vqn6WN7dc9Xr,629.33,12.59,2.27,0.00,614.47,upi,2025-08-11,settled
set_rJyF0FzwXSp2sh1h,2025-08-14,8764019185488064,pay_a8zXBz4WuBBEs5Hb,ord_B91G5HIQLE04MGxZ,122586.65,2451.73,441.31,0.00,119693.61,amex,2025-08-11,settled
set_rJyF0FzwXSp2sh1h,2025-08-14,8764019185488064,pay_3wUiLEzk6VYxhbo0,ord_ivu7cckBHEn9pOT7,1798.67,35.97,6.47,0.00,1756.23,upi,2025-08-12,settled
set_rJyF0FzwXSp2sh1h,2025-08-14,8764019185488064,pay_TaDovAlQkngbzen9,ord_1jjrZHBUxmz5F0Pk,317.16,6.34,1.14,0.00,309.68,upi,2025-08-12,settled
set_rJyF0FzwXSp2sh1h,2025-08-14,8764019185488064,pay_mnvkBG2VAnYmeKuB,ord_DsIDEJg6Ou8UZueh,1168.70,23.37,4.21,0.00,1141.12,upi,2025-08-12,settled
set_9uzpCYjf5bgPTUtY,2025-08-14,6464196234219262,pay_plJLOLlynAKCweM6,ord_F00XFkFoFJ3pkxla,2418.44,48.37,8.71,0.00,2361.36,upi,2025-08-12,settled
set_9uzpCYjf5bgPTUtY,2025-08-14,6464196234219262,pay_yw4oaQxbO6tRByew,ord_hy0FIv3yTdPhQhBC,4963.07,99.26,17.87,0.00,4845.94,upi,2025-08-12,settled
set_9uzpCYjf5bgPTUtY,2025-08-14,6464196234219262,pay_FnRYpl3q4PsheMoP,ord_Aapo0U0ZHgegCsC4,545.56,10.91,1.96,0.00,532.69,upi,2025-08-12,settled
set_9uzpCYjf5bgPTUtY,2025-08-14,6464196234219262,pay_XPsRo38pZ5fp2fwi,ord_XVykwawhOpE5jekc,37264.65,745.29,134.15,0.00,36385.21,upi,2025-08-12,settled
set_9uzpCYjf5bgPTUtY,2025-08-14,6464196234219262,pay_1p5o6n0zN8zgOBpc,ord_JxKe90gswSijYqDy,824.25,16.48,2.97,0.00,804.80,card,2025-08-11,settled
set_LLBqCKPN8Ref2vrG,2025-08-14,7972699994981283,pay_Wd53SJ2ZxiooS2t9,ord_tTyegr1il3K6YVt8,9182.44,183.65,33.06,0.00,8965.73,card,2025-08-12,settled
set_LLBqCKPN8Ref2vrG,2025-08-14,7972699994981283,pay_q1BBsSxWskgYKzDM,ord_1wauScG8jXaNZRRr,4238.72,84.77,15.26,0.00,4138.69,upi,2025-08-12,settled
set_LLBqCKPN8Ref2vrG,2025-08-14,7972699994981283,pay_K9lMCcOt40kQwVmq,ord_l9x8fGlU5Jc7ACp1,12251.51,245.03,44.11,0.00,11962.37,upi,2025-08-11,settled
set_LLBqCKPN8Ref2vrG,2025-08-14,7972699994981283,pay_O5DIiVVpqnSVo7FN,ord_Po9nKyMZOdZALP4T,7736.00,154.72,27.85,0.00,7553.43,amex,2025-08-12,settled
set_LLBqCKPN8Ref2vrG,2025-08-14,7972699994981283,pay_OE4kvqqzumzUEs4G,ord_jzi3MsjIpztztA35,3184.34,63.69,11.46,0.00,3109.19,upi,2025-08-11,settled
set_GiD2aBqKAA6uhLY2,2025-08-14,0505243838058269,pay_OVB9KW2yJap4xVqg,ord_R6eaCAGtWGk1GVDF,357.24,7.14,1.29,0.00,348.81,upi,2025-08-12,settled
set_GiD2aBqKAA6uhLY2,2025-08-14,0505243838058269,pay_egipVVEnaCl4FOFd,ord_h1iYosyDL2xOD1hE,553.88,11.08,1.99,0.00,540.81,card,2025-08-12,settled
set_GiD2aBqKAA6uhLY2,2025-08-14,0505243838058269,pay_3SzTqqr5ZdhGcPPF,ord_sX0eILBvAQZu9uE5,3816.45,76.33,13.74,0.00,3726.38,upi,2025-08-11,settled
set_GiD2aBqKAA6uhLY2,2025-08-14,0505243838058269,pay_00pzXas1Ka2Kafgf,ord_2TTYydCoR1CoQxbY,462.34,9.25,1.67,0.00,451.42,upi,2025-08-11,settled
set_GiD2aBqKAA6uhLY2,2025-08-14,0505243838058269,pay_wbJk5aOlaB05l6be,ord_c332FUosKtFrnFrt,344.56,6.89,1.24,0.00,336.43,upi,2025-08-12,settled
set_KwvDbhazu51Ki32f,2025-08-14,6337618518626713,pay_DUssyh4HpsbpGKvR,ord_90aGsb3TJHmksXlS,2250.09,45.00,8.10,0.00,2196.99,upi,2025-08-12,settled
set_KwvDbhazu51Ki32f,2025-08-14,6337618518626713,pay_Ow5gCf0FSJJlPSCq,ord_T01q8OSuvTtlFb4Z,565.16,11.30,2.03,0.00,551.83,card,2025-08-11,settled
set_KwvDbhazu51Ki32f,2025-08-14,6337618518626713,pay_iwOPIWXXLlGUkumM,ord_BnvTnnF7hu7gufBo,219.25,4.38,0.79,0.00,214.08,card,2025-08-12,settled
set_KwvDbhazu51Ki32f,2025-08-14,6337618518626713,pay_F0MSbmNx2q1pkdqG,ord_9d4VKjZk1NgwWN9f,445.30,8.91,1.60,0.00,434.79,amex,2025-08-12,settled
set_KwvDbhazu51Ki32f,2025-08-14,6337618518626713,pay_AJk66lYwVDc1f0Im,ord_U3PyeippVgDWn7HO,744.46,14.89,2.68,0.00,726.89,upi,2025-08-11,settled
set_aSwAEJfJ3sJp0tN3,2025-08-14,7918750677610659,pay_uteyJGiY3wbqaevW,ord_9TDcMvjJwwIaaadA,859.08,17.18,3.09,0.00,838.81,upi,2025-08-12,settled
set_aSwAEJfJ3sJp0tN3,2025-08-14,7918750677610659,pay_jqebS0t0F1DQDyLI,ord_hGeTinV3tBXsPCri,4103.67,82.07,14.77,0.00,4006.83,card,2025-08-12,settled
set_aSwAEJfJ3sJp0tN3,2025-08-14,7918750677610659,pay_ougiiCN6n2KTYvCo,ord_k6bwAxb9ZQKyEt5D,21118.99,422.38,76.03,0.00,20620.58,upi,2025-08-12,settled
set_aSwAEJfJ3sJp0tN3,2025-08-14,7918750677610659,pay_CAwwQqcVmhsOafC3,ord_tBX4XCprUx0wZV6s,1616.02,32.32,5.82,0.00,1577.88,upi,2025-08-12,settled
set_aSwAEJfJ3sJp0tN3,2025-08-14,7918750677610659,pay_zpbE2TPRDhJAOoKx,ord_48wijUMHTn8OkOye,7762.10,155.24,27.94,0.00,7578.92,upi,2025-08-11,settled
set_Kn5g1yPEHl7H4rVk,2025-08-14,9838457202665686,pay_KvtqEuXHwZZAhpqo,ord_ejk1G2wMxmcAuleK,1652.52,33.05,5.95,0.00,1613.52,upi,2025-08-12,settled
set_Kn5g1yPEHl7H4rVk,2025-08-14,9838457202665686,pay_r9tlcfroaLCVFrGD,ord_MXu0GD651yArGbBM,11179.65,223.59,40.25,0.00,10915.81,upi,2025-08-12,settled
set_Kn5g1yPEHl7H4rVk,2025-08-14,9838457202665686,pay_dAHOi2BohlGNAXv2,ord_NyeHV1Zjj3wdslvf,4463.81,89.28,16.07,0.00,4358.46,upi,2025-08-11,settled
set_Kn5g1yPEHl7H4rVk,2025-08-14,9838457202665686,pay_kEQnW5admVYHLaEb,ord_scON1m4Yrpw2cBdV,3191.80,63.84,11.49,0.00,3116.47,card,2025-08-11,settled
set_Kn5g1yPEHl7H4rVk,2025-08-14,9838457202665686,pay_tyqpfu0OVGuvXwh6,ord_fHiXXdTgg2076zs0,1716.02,34.32,6.18,0.00,1675.52,upi,2025-08-12,settled
set_vlVzIbTfj7VNQanv,2025-08-14,4299074729669417,pay_XecM0guzCtNos7p7,ord_e5nqcNdvyyXYzAAW,340.86,6.82,1.23,0.00,332.81,upi,2025-08-12,settled
set_kyGXwhQTxKnx2UKz,2025-08-18,0262706648900824,pay_Sw2KatA6GxZFSmGL,ord_IrRPEmVbIdpGDaLk,448.31,13.45,2.42,0.00,432.44,intl_card,2025-08-13,settled
set_kyGXwhQTxKnx2UKz,2025-08-18,0262706648900824,pay_fGYga3Zd0YX8YfdB,ord_I19PhH8wfdTylssn,20175.80,403.52,72.63,0.00,19699.65,upi,2025-08-12,settled
set_kyGXwhQTxKnx2UKz,2025-08-18,0262706648900824,pay_Xi7ARNq5OtqEV8uI,ord_mmvjXwSilltq8c3S,871.35,17.43,3.14,0.00,850.78,upi,2025-08-12,settled
set_kyGXwhQTxKnx2UKz,2025-08-18,0262706648900824,pay_79kpK5XlRCQX6IFh,ord_yEja7OQTxrtTQEMw,868.74,17.37,3.13,0.00,848.24,upi,2025-08-13,settled
set_kyGXwhQTxKnx2UKz,2025-08-18,0262706648900824,pay_KfRHLFHrv6o0dpgt,ord_6YRsvaYnhJFE58JU,766.32,15.33,2.76,0.00,748.23,upi,2025-08-13,settled
set_kyGXwhQTxKnx2UKz,2025-08-18,0262706648900824,pay_zgPj3kblT5IeGhZU,ord_xP8Ymb5XT3FVQToG,676.81,13.54,2.44,0.00,660.83,upi,2025-08-13,settled
set_hPgvA2jLpCdphOkd,2025-08-18,1856302750003056,pay_ZgFmp93AENx01T1F,ord_Bn4BikGvoHjb0fwI,400.71,8.01,1.44,0.00,391.26,upi,2025-08-12,settled
set_hPgvA2jLpCdphOkd,2025-08-18,1856302750003056,pay_ZzKc7zbL1ZZSZeiE,ord_vjj8pUgrFpPVpX0i,5788.31,115.77,20.84,0.00,5651.70,card,2025-08-13,settled
set_hPgvA2jLpCdphOkd,2025-08-18,1856302750003056,pay_j3gqkkkY8KCvnAE9,ord_OJ1fUupBvepriCkM,361.27,7.23,1.30,0.00,352.74,amex,2025-08-13,settled
set_hPgvA2jLpCdphOkd,2025-08-18,1856302750003056,pay_VxrHN8M5xPd1UjuC,ord_iTZent2NyR6jQPyw,40156.76,803.14,144.57,0.00,39209.05,upi,2025-08-13,settled
set_hPgvA2jLpCdphOkd,2025-08-18,1856302750003056,pay_qzPpluXwfVa71q4h,ord_AeVgyQXu2tH3UagQ,577.41,11.55,2.08,0.00,563.78,card,2025-08-13,settled
set_hPgvA2jLpCdphOkd,2025-08-18,1856302750003056,pay_zJ09NnJT7VbQzrLi,ord_pQez8POoNAPBlzZi,2428.30,48.57,8.74,0.00,2370.99,upi,2025-08-13,settled
set_vZk1knB8WSivLbh0,2025-08-18,4679087018726001,pay_2n04zz134GrLLyHh,ord_9xrN2gLnEe7D96HK,31840.97,636.82,114.63,0.00,31089.52,card,2025-08-12,settled
set_vZk1knB8WSivLbh0,2025-08-18,4679087018726001,pay_OlWGMvPOTNDP3xlg,ord_cDlWapvBQSZbSCGt,1162.56,23.25,4.18,0.00,1135.13,upi,2025-08-12,settled
set_vZk1knB8WSivLbh0,2025-08-18,4679087018726001,pay_twmoapWwhIRtiulK,ord_bCc9QxMvhTYVy01U,4223.59,84.47,15.20,0.00,4123.92,card,2025-08-13,settled
set_vZk1knB8WSivLbh0,2025-08-18,4679087018726001,pay_GdwLovFYD2NmLaBq,ord_lAPxS7naXVPcpzYG,613.83,12.28,2.21,0.00,599.34,upi,2025-08-12,settled
set_vZk1knB8WSivLbh0,2025-08-18,4679087018726001,pay_Hor8rLIKK0Qqgxsy,ord_T34pA4CBx0gtTKja,6263.30,125.27,22.55,0.00,6115.48,upi,2025-08-12,settled
set_vZk1knB8WSivLbh0,2025-08-18,4679087018726001,pay_DpPtaTA3GxRKvi0J,ord_lwq0oSgfuSD37eGe,231.86,4.64,0.84,0.00,226.38,upi,2025-08-13,settled
set_nMXqCQS6Pl6YRVa3,2025-08-18,6524062215599672,pay_9BqPzWrTZr6HtaEU,ord_WwdNAWmiw7eT2MyL,12623.74,252.47,45.44,0.00,12325.83,upi,2025-08-13,settled
set_nMXqCQS6Pl6YRVa3,2025-08-18,6524062215599672,pay_9AxRTVmmELCTnSUF,ord_zJFzoc7kA8o6Utt7,20702.92,414.06,74.53,0.00,20214.33,upi,2025-08-13,settled
set_nMXqCQS6Pl6YRVa3,2025-08-18,6524062215599672,pay_nD4L1pyEnTTQukKn,ord_lXrlrXwMTZPSOldB,24095.07,481.90,86.74,0.00,23526.43,upi,2025-08-13,settled
set_nMXqCQS6Pl6YRVa3,2025-08-18,6524062215599672,pay_Kdsap9lwjOhFPzmh,ord_p7epYrGZaBciASn3,724.74,14.49,2.61,0.00,707.64,card,2025-08-13,settled
set_nMXqCQS6Pl6YRVa3,2025-08-18,6524062215599672,pay_ulBmOxHo1SXpfLZM,ord_fKuzAQVVjrjcHFtL,2517.24,50.34,9.06,0.00,2457.84,upi,2025-08-13,settled
set_nMXqCQS6Pl6YRVa3,2025-08-18,6524062215599672,pay_Sgl7PdG7gbltfwWR,ord_M6YU9lKeiR91Pm20,7974.70,159.49,28.71,0.00,7786.50,upi,2025-08-13,settled
set_TaL6LlUNnobBedYh,2025-08-18,5593965213835071,pay_RtK66iVbMyB1Kvi4,ord_uocSmbM2Sxq46s49,8942.68,178.85,32.19,0.00,8731.64,upi,2025-08-13,settled
set_TaL6LlUNnobBedYh,2025-08-18,5593965213835071,pay_gmXQ9dnAjyl7RMl0,ord_MLKRlgGDPGH3jOgR,3801.88,76.04,13.69,0.00,3712.15,card,2025-08-13,settled
set_TaL6LlUNnobBedYh,2025-08-18,5593965213835071,pay_dUQHiMCkkQi6NRRt,ord_hkcu2anh4dOFTZJA,905.73,18.11,3.26,0.00,884.36,card,2025-08-12,settled
set_TaL6LlUNnobBedYh,2025-08-18,5593965213835071,pay_npgabhjcZGr1B11k,ord_w9pFcyXnbAHHn4Nk,5197.46,103.95,18.71,0.00,5074.80,amex,2025-08-13,settled
set_TaL6LlUNnobBedYh,2025-08-18,5593965213835071,pay_FQbFBvxQ6s6GYzZt,ord_GI8WvzZhHfjwNhhf,4026.75,80.53,14.50,0.00,3931.72,upi,2025-08-13,settled
set_TaL6LlUNnobBedYh,2025-08-18,5593965213835071,pay_AUhf6qXpQ2qMr8W3,ord_BtVlJ1gxWO6gXGKn,1544.48,30.89,5.56,0.00,1508.03,upi,2025-08-13,settled
set_8RtNKz3DtYo65Esd,2025-08-18,2772648839585585,pay_8jU29RvBUZ1j6eTI,ord_c6Eop4WGS2X8fs4e,982.60,19.65,3.54,0.00,959.41,card,2025-08-13,settled
set_8RtNKz3DtYo65Esd,2025-08-18,2772648839585585,pay_s33xadrk3xH70U8q,ord_o72ssMQp7Lqy9Ci1,3557.26,71.15,12.81,0.00,3473.30,card,2025-08-12,settled
set_8RtNKz3DtYo65Esd,2025-08-18,2772648839585585,pay_OUreuu2S9EZugRPu,ord_59uaGn2br4CxSXJg,38716.38,774.33,139.38,0.00,37802.67,upi,2025-08-13,settled
set_8RtNKz3DtYo65Esd,2025-08-18,2772648839585585,pay_11pMfNsFv0IiXU7l,ord_zE9oBZXdnrF0nU88,138055.42,2761.11,497.00,0.00,134797.31,upi,2025-08-12,settled
set_8RtNKz3DtYo65Esd,2025-08-18,2772648839585585,pay_MvnfW44eVXd3YZDM,ord_NUotfg39lla6xcsh,411.76,12.35,2.22,0.00,397.19,intl_card,2025-08-12,settled
set_8RtNKz3DtYo65Esd,2025-08-18,2772648839585585,pay_aPqNkYwXtPGE7MWq,ord_epVG7rlIgeNe7nUT,46589.39,1397.68,251.58,0.00,44940.13,intl_card,2025-08-13,settled
set_dS1etbXKykETNYkj,2025-08-19,6645099990010898,pay_FsuC2z2S1c2KZIPY,ord_DuC0WfRqlR5XyBJN,658.17,13.16,2.37,0.00,642.64,card,2025-08-15,settled
set_dS1etbXKykETNYkj,2025-08-19,6645099990010898,pay_hrf3i2eew71mqo60,ord_BmMkYrMuyDG2LUcQ,1954.29,39.09,7.04,0.00,1908.16,upi,2025-08-17,settled
set_dS1etbXKykETNYkj,2025-08-19,6645099990010898,pay_sIVLuw217wdciRQJ,ord_h492K4VUk6RLjrzH,5155.92,103.12,18.56,0.00,5034.24,upi,2025-08-16,settled
set_dS1etbXKykETNYkj,2025-08-19,6645099990010898,pay_7dcEkVSEuvoMmDCs,ord_JNcDn54oAgZBshRf,83878.59,1677.57,301.96,0.00,81899.06,upi,2025-08-15,settled
set_dS1etbXKykETNYkj,2025-08-19,6645099990010898,pay_jRCZYtJusVg7UoWV,ord_N73vabPaK7oVYH20,243.71,4.87,0.88,0.00,237.96,card,2025-08-17,settled
set_dS1etbXKykETNYkj,2025-08-19,6645099990010898,pay_LMp6aBq4v1Cc1jED,ord_8okHCMSuYXfAgQgS,20089.09,401.78,72.32,0.00,19614.99,upi,2025-08-16,settled
set_VOB4zqVFFkpSRoYt,2025-08-19,8849979572857595,pay_PT9pzElvfkYTEhqT,ord_GJNw2P45rfZYjSPm,2621.27,52.43,9.44,0.00,2559.40,upi,2025-08-14,settled
set_VOB4zqVFFkpSRoYt,2025-08-19,8849979572857595,pay_N7wRaTSb5fvZeAst,ord_H3eb9icGsJVMRzuy,3361.35,67.23,12.10,0.00,3282.02,upi,2025-08-13,settled
set_VOB4zqVFFkpSRoYt,2025-08-19,8849979572857595,pay_Zp1zhJmtsWVlXgmR,ord_klqyesgaTD3Zde6V,174962.11,3499.24,629.86,0.00,170833.01,upi,2025-08-15,settled
set_VOB4zqVFFkpSRoYt,2025-08-19,8849979572857595,pay_KOOtjLaRBRdPhKJP,ord_X6WadD17qQnFEZSs,115517.60,2310.35,415.86,0.00,112791.39,upi,2025-08-17,settled
set_VOB4zqVFFkpSRoYt,2025-08-19,8849979572857595,pay_VNFYBebPizPtfKc1,ord_JLvc7doTITEBER8F,263.31,5.27,0.95,0.00,257.09,amex,2025-08-17,settled
set_VOB4zqVFFkpSRoYt,2025-08-19,8849979572857595,pay_zAUQG5up4Ofnz9hu,ord_3xxloqso9QZYCrjL,6830.68,136.61,24.59,0.00,6669.48,upi,2025-08-15,settled
set_uHgGkLEuchopnEIg,2025-08-19,3971705984451436,pay_r1Z51dFFMWfLIfM3,ord_dS5FztVVwgVGscEC,725.85,14.52,2.61,0.00,708.72,card,2025-08-15,settled
set_uHgGkLEuchopnEIg,2025-08-19,3971705984451436,pay_8vhENmghnrelVmmy,ord_38WMbDOkOu3xj9As,764.20,15.28,2.75,0.00,746.17,card,2025-08-17,settled
set_uHgGkLEuchopnEIg,2025-08-19,3971705984451436,pay_grp848iXWg31XVmN,ord_7Bwksaq9crY6OZwJ,2789.13,55.78,10.04,0.00,2723.31,upi,2025-08-16,settled
set_uHgGkLEuchopnEIg,2025-08-19,3971705984451436,pay_M0kTvjhsCDMhy1LH,ord_LzAahV9o596qCbK5,586.50,11.73,2.11,0.00,572.66,upi,2025-08-16,settled
set_uHgGkLEuchopnEIg,2025-08-19,3971705984451436,pay_lyTJq2juPvDk5KfJ,ord_CUstH9RFiguJBxkO,14890.00,297.80,53.60,0.00,14538.60,amex,2025-08-16,settled
set_uHgGkLEuchopnEIg,2025-08-19,3971705984451436,pay_4S9SYMF2WMDDNLyS,ord_E69S7qcS90GXWSrB,3711.06,74.22,13.36,0.00,3623.48,upi,2025-08-17,settled
set_e2gYgFtnNfu0HFP9,2025-08-19,7814590099217790,pay_bhpGC9tWipTctrOx,ord_yQrex1VFI5Je9vOb,1580.60,31.61,5.69,0.00,1543.30,card,2025-08-14,settled
set_e2gYgFtnNfu0HFP9,2025-08-19,7814590099217790,pay_U2Hi8lGZm4QJZq54,ord_Ok9Om3TtumDXSJMC,631.45,12.63,2.27,0.00,616.55,upi,2025-08-15,settled
set_e2gYgFtnNfu0HFP9,2025-08-19,7814590099217790,pay_xB84u8XmB330tnJP,ord_YLRAMwoRcwnGNrNl,1680.05,33.60,6.05,0.00,1640.40,card,2025-08-15,settled
set_e2gYgFtnNfu0HFP9,2025-08-19,7814590099217790,pay_xHhZfHqne5YoXmw7,ord_vwcHpRFwVYL6s4m8,9024.59,180.49,32.49,0.00,8811.61,upi,2025-08-16,settled
set_e2gYgFtnNfu0HFP9,2025-08-19,7814590099217790,pay_BMQj5FAVOpn56VII,ord_YaQFW6Hsa5cpHsL1,4629.31,92.59,16.67,0.00,4520.05,card,2025-08-16,settled
set_e2gYgFtnNfu0HFP9,2025-08-19,7814590099217790,pay_mDMJCoc0imtPLcHl,ord_kZuhR1Irf83RntaW,841.30,16.83,3.03,0.00,821.44,card,2025-08-17,settled
set_WJ15kNwFzTfuucuv,2025-08-19,5326011939103829,pay_FU3yU92xB546YxCi,ord_PM3Yocb7pvMGYG5M,863.67,17.27,3.11,0.00,843.29,upi,2025-08-16,settled
set_WJ15kNwFzTfuucuv,2025-08-19,5326011939103829,pay_K5LAw02Q7Y87CjPF,ord_zgSK5N6gREM7RmmF,9165.87,274.98,49.50,0.00,8841.39,intl_card,2025-08-14,settled
set_WJ15kNwFzTfuucuv,2025-08-19,5326011939103829,pay_ftfb7QC3U0aIfeff,ord_b9H3LCbgyq6tMa65,2624.30,52.49,9.45,0.00,2562.36,upi,2025-08-13,settled
set_WJ15kNwFzTfuucuv,2025-08-19,5326011939103829,pay_tXa88mOMoDo2Ik29,ord_c3cIuaBIT9nYAxpK,4789.32,95.79,17.24,0.00,4676.29,upi,2025-08-13,settled
set_WJ15kNwFzTfuucuv,2025-08-19,5326011939103829,pay_x1iARzRu3EjAfMHs,ord_AmQ1L6e5fXvgDQJE,1416.37,28.33,5.10,0.00,1382.94,upi,2025-08-15,settled
set_WJ15kNwFzTfuucuv,2025-08-19,5326011939103829,pay_P9k9UPKsREsHciCW,ord_egXJm4fsJzTjeuxg,1122.54,22.45,4.04,0.00,1096.05,upi,2025-08-14,settled
set_9ToTHsCDgzx1sCU2,2025-08-19,4373615873662713,pay_THOWFtdnyUNoYAi1,ord_WdIG4W0wIczi5aNN,261.65,5.23,0.94,0.00,255.48,amex,2025-08-15,settled
set_9ToTHsCDgzx1sCU2,2025-08-19,4373615873662713,pay_vZmuZxXokKw6hL2g,ord_9MCY1HTC02U3GvuB,3197.46,63.95,11.51,0.00,3122.00,upi,2025-08-16,settled
set_9ToTHsCDgzx1sCU2,2025-08-19,4373615873662713,pay_KhAvgJXC3fatqzeZ,ord_VjI6zy8hKCDlBdUm,2346.24,46.92,8.45,0.00,2290.87,upi,2025-08-16,settled
set_9ToTHsCDgzx1sCU2,2025-08-19,4373615873662713,pay_eB6RxN8tjzdJOnFd,ord_TFJg8zv0qxTdtQqz,881.46,17.63,3.17,0.00,860.66,upi,2025-08-16,settled
set_9ToTHsCDgzx1sCU2,2025-08-19,4373615873662713,pay_3qrlJfmRr7FqrSgq,ord_I8ZjQm3rPlAHkuqj,13299.71,265.99,47.88,0.00,12985.84,upi,2025-08-17,settled
set_9ToTHsCDgzx1sCU2,2025-08-19,4373615873662713,pay_8Jbv0owmaUQZwEWn,ord_WStzTTivA6DZoIcR,328.33,6.57,1.18,0.00,320.58,upi,2025-08-17,settled
set_qfljMPmrmh880aW7,2025-08-19,7315663979255116,pay_TGZga5AyjMtyDGwz,ord_2IKQa4WRg6fvLFuh,323.64,6.47,1.16,0.00,316.01,upi,2025-08-17,settled
set_qfljMPmrmh880aW7,2025-08-19,7315663979255116,pay_FtjoJ5IgvxNvldZD,ord_FANaweXrBEuJQYhL,4844.86,96.90,17.44,0.00,4730.52,upi,2025-08-17,settled
set_qfljMPmrmh880aW7,2025-08-19,7315663979255116,pay_mvbr7x28RxMSAzUN,ord_EyQ207INDc40GZ0o,1586.42,31.73,5.71,0.00,1548.98,upi,2025-08-14,settled
set_qfljMPmrmh880aW7,2025-08-19,7315663979255116,pay_uX2Y9e5UQ2Vk3C3e,ord_KvdvEcSNM107QdbI,653.72,13.07,2.35,0.00,638.30,upi,2025-08-16,settled
set_qfljMPmrmh880aW7,2025-08-19,7315663979255116,pay_Qu9nIInuYrxmDlJg,ord_4H3eFIRp8xuNEJUc,669.07,13.38,2.41,0.00,653.28,upi,2025-08-15,settled
set_qfljMPmrmh880aW7,2025-08-19,7315663979255116,pay_8Zt5JftKF2WT2wzN,ord_XVhzqaf0fqCNcLNT,8717.84,174.36,31.38,0.00,8512.10,card,2025-08-15,settled
set_RYqCIfOec1havXA4,2025-08-19,4281644161019753,pay_PBeVTI4XZNlYnQuA,ord_G7WmH553lLglqJpS,3885.37,77.71,13.99,0.00,3793.67,card,2025-08-17,settled
set_RYqCIfOec1havXA4,2025-08-19,4281644161019753,pay_iwBdVp3r6lEdWJqR,ord_MoobmwLScdBKJr7d,519.74,10.39,1.87,0.00,507.48,card,2025-08-17,settled
set_RYqCIfOec1havXA4,2025-08-19,4281644161019753,pay_FTwVpaRhgpPwUjQb,ord_3U1WvheaiqG3O1MZ,938.85,18.78,3.38,0.00,916.69,amex,2025-08-15,settled
set_RYqCIfOec1havXA4,2025-08-19,4281644161019753,pay_VwkCBUsQxNzNvhoG,ord_C9dCFT8u7fTYWIpU,43261.66,1297.85,233.61,0.00,41730.20,intl_card,2025-08-15,settled
set_RYqCIfOec1havXA4,2025-08-19,4281644161019753,pay_1xKIAkv1DZ6O1VWc,ord_bZvPyVfFXuWpJuaO,74648.70,1492.97,268.73,0.00,72887.00,upi,2025-08-16,settled
set_RYqCIfOec1havXA4,2025-08-19,4281644161019753,pay_HDCHUPcOR7OE3QhI,ord_K3Ku0QLgcYIzlLP7,809.20,16.18,2.91,0.00,790.11,upi,2025-08-14,settled
set_U2nSzCXHLiAeNQeM,2025-08-19,2814447189395309,pay_VW7UPNQ7nTYUocmT,ord_FYQHWuQXnXpdm6Ul,3969.08,79.38,14.29,0.00,3875.41,upi,2025-08-14,settled
set_U2nSzCXHLiAeNQeM,2025-08-19,2814447189395309,pay_OIWXizpk8VuSe5GZ,ord_XJ5EzFFtyikiUHVp,4228.89,84.58,15.22,0.00,4129.09,amex,2025-08-16,settled
set_U2nSzCXHLiAeNQeM,2025-08-19,2814447189395309,pay_Cw4vQnwZOto7SABG,ord_2wsBeFz99c37dhPK,2967.84,59.36,10.68,0.00,2897.80,upi,2025-08-14,settled
set_U2nSzCXHLiAeNQeM,2025-08-19,2814447189395309,pay_Yk8nFteksyq8HVTV,ord_UgHMkFfycfcDcysY,4565.33,91.31,16.44,0.00,4457.58,card,2025-08-17,settled
set_U2nSzCXHLiAeNQeM,2025-08-19,2814447189395309,pay_CseRsYHBlYBcmB0u,ord_L9xfRa62yS16ZTFE,9054.71,181.09,32.60,0.00,8841.02,amex,2025-08-15,settled
set_U2nSzCXHLiAeNQeM,2025-08-19,2814447189395309,pay_bCXjojeal6TqYrGx,ord_5eEc3m807Qi3yUpg,95051.37,1901.03,342.19,0.00,92808.15,upi,2025-08-14,settled
set_ZxZYr1ol75jKh16f,2025-08-19,4551358727174306,pay_jwpv5aYP9xeO2xrk,ord_SI8Zi6Zr9dYHv8Bb,13972.51,279.45,50.30,0.00,13642.76,card,2025-08-15,settled
set_ZxZYr1ol75jKh16f,2025-08-19,4551358727174306,pay_CDHhNw7OVGMAQCd1,ord_LITOL2KSrQejVnbn,818.73,16.37,2.95,0.00,799.41,upi,2025-08-17,settled
set_ZxZYr1ol75jKh16f,2025-08-19,4551358727174306,pay_Kn8OZpNdvjbyDrgB,ord_ERQThIOrrDZhZMa4,2091.74,41.83,7.53,0.00,2042.38,card,2025-08-13,settled
set_ZxZYr1ol75jKh16f,2025-08-19,4551358727174306,pay_r03ADcsxvbWyYBK0,ord_EOMFPq0XdVdqr4pz,908.47,18.17,3.27,0.00,887.03,upi,2025-08-15,settled
set_ZxZYr1ol75jKh16f,2025-08-19,4551358727174306,pay_L9Z3dkQwE21gakFH,ord_Wcp2KLYUJ9bVT9UX,308.07,6.16,1.11,0.00,300.80,upi,2025-08-16,settled
set_ZxZYr1ol75jKh16f,2025-08-19,4551358727174306,pay_HMxEmK1xFGenj80y,ord_sA5o5zdnWu3yxDmg,12662.83,253.26,45.59,0.00,12363.98,amex,2025-08-15,settled
set_x79wu0ywvCSMfgEe,2025-08-19,8775833364770413,pay_1YvT7nQ4rLqTREgx,ord_lNNLq7WWSTyHe9ZV,46705.90,934.12,168.14,0.00,45603.64,upi,2025-08-17,settled
set_x79wu0ywvCSMfgEe,2025-08-19,8775833364770413,pay_qpvrFXbfBUDiohqN,ord_XBzM09VXxytA5sjV,7593.57,151.87,27.34,0.00,7414.36,upi,2025-08-16,settled
set_x79wu0ywvCSMfgEe,2025-08-19,8775833364770413,pay_zsfwh316QpK6QgMU,ord_cILluIEv0VwQAtzj,2891.91,57.84,10.41,0.00,2823.66,card,2025-08-14,settled
set_x79wu0ywvCSMfgEe,2025-08-19,8775833364770413,pay_83Gbh4AAdw5ddtAa,ord_7SgrCKIssGlL5Ycw,44358.56,887.17,159.69,0.00,43311.70,card,2025-08-15,settled
set_x79wu0ywvCSMfgEe,2025-08-19,8775833364770413,pay_pb8OcIlAadznLFJR,ord_TAqsNjTOERNNis6y,1945.69,38.91,7.00,0.00,1899.78,upi,2025-08-14,settled
set_x79wu0ywvCSMfgEe,2025-08-19,8775833364770413,pay_ggioGYjC2pYSUYmc,ord_cBKdgFcw3dTuWmdX,146813.05,2936.26,528.53,0.00,143348.26,upi,2025-08-17,settled
set_slmG6Lz28LHIQKCQ,2025-08-19,2319057720441007,pay_GlYU4ulBwPxCjreA,ord_zpJFfsGPO9ScGKCS,6828.69,136.57,24.58,0.00,6667.54,card,2025-08-16,settled
set_slmG6Lz28LHIQKCQ,2025-08-19,2319057720441007,pay_SUpH7bDitXjL9IY7,ord_7mBEHbec4CuQOviy,3391.73,67.83,12.21,0.00,3311.69,card,2025-08-13,settled
set_slmG6Lz28LHIQKCQ,2025-08-19,2319057720441007,pay_cK75EP3twVKxIHj5,ord_sCAJ1PKc3DX6fNmU,8216.56,164.33,29.58,0.00,8022.65,upi,2025-08-15,settled
set_slmG6Lz28LHIQKCQ,2025-08-19,2319057720441007,pay_BrcxfI0lM9huzL0n,ord_FQU3LNxOR0ih1yij,581.58,11.63,2.09,0.00,567.86,card,2025-08-15,settled
set_slmG6Lz28LHIQKCQ,2025-08-19,2319057720441007,pay_AWOx0dUPjvrH2tS4,ord_5jZJUXzeoqPy7neK,7314.33,146.29,26.33,0.00,7141.71,upi,2025-08-16,settled
set_slmG6Lz28LHIQKCQ,2025-08-19,2319057720441007,pay_vJhLjW6kdj5VvlG5,ord_rIpccFosbdRKzlKH,2233.30,44.67,8.04,0.00,2180.59,upi,2025-08-15,settled
set_q0QjJXw0nDdmGnIu,2025-08-19,8709872649632251,pay_FeBCZcDjEP5XU7Py,ord_gMY2F2BJcTuGKN3W,917.09,18.34,3.30,0.00,895.45,upi,2025-08-17,settled
set_q0QjJXw0nDdmGnIu,2025-08-19,8709872649632251,pay_vnkMbiHivZcp1ART,ord_A5bq7qC4n7a41UQG,283.13,5.66,1.02,0.00,276.45,card,2025-08-14,settled
set_q0QjJXw0nDdmGnIu,2025-08-19,8709872649632251,pay_6osksppOEvvCNQxu,ord_KYcVSyuehWal2UWc,8963.50,179.27,32.27,0.00,8751.96,card,2025-08-16,settled
set_q0QjJXw0nDdmGnIu,2025-08-19,8709872649632251,pay_sb483Q1HAh31kr8s,ord_XVnkfCtiSYHIiRal,1017.12,20.34,3.66,0.00,993.12,upi,2025-08-16,settled
set_q0QjJXw0nDdmGnIu,2025-08-19,8709872649632251,pay_NHFVBVRdcwk6ysSd,ord_VsPCmDk3NlH7FlXv,259.20,5.18,0.93,0.00,253.09,upi,2025-08-14,settled
set_q0QjJXw0nDdmGnIu,2025-08-19,8709872649632251,pay_zGD7jY2WpVVJjcKq,ord_h51ZC8ryk4GPpKli,6507.45,130.15,23.43,0.00,6353.87,upi,2025-08-14,settled
set_90xLAzrpKGhmCSgG,2025-08-19,6307028672020095,pay_NfQ9BMAf7X1tAast,ord_ahMYmcvLBr1jN7uc,46889.82,1406.69,253.20,0.00,45229.93,intl_card,2025-08-14,settled
set_90xLAzrpKGhmCSgG,2025-08-19,6307028672020095,pay_L1o1Eg5wdm123bXC,ord_E7tHCRQJ0Ac6C5lv,4533.59,136.01,24.48,0.00,4373.10,intl_card,2025-08-14,settled
set_90xLAzrpKGhmCSgG,2025-08-19,6307028672020095,pay_oj3ZXek2y5EwDbOW,ord_P8oSl0liEFVmf7uC,702.26,14.05,2.53,0.00,685.68,card,2025-08-14,settled
set_90xLAzrpKGhmCSgG,2025-08-19,6307028672020095,pay_IlKoCh34RKL6OwNk,ord_YKtYXQaOv4yqRuyZ,12271.07,245.42,44.18,0.00,11981.47,upi,2025-08-17,settled
set_90xLAzrpKGhmCSgG,2025-08-19,6307028672020095,pay_ORBYrB06j8rqAloL,ord_lDXMP4MABAyqD7Fz,723.19,14.46,2.60,0.00,706.13,upi,2025-08-14,settled
set_90xLAzrpKGhmCSgG,2025-08-19,6307028672020095,pay_b2UISIVdzCX6P2iR,ord_g9VIigneLlr8ABmH,466.63,9.33,1.68,0.00,455.62,card,2025-08-17,settled
set_wO3ZIjM7kAclBFPU,2025-08-19,9007397130722113,pay_d6PHjuxwPW74gAPb,ord_92WBxIcshOY0V6aZ,4055.91,81.12,14.60,0.00,3960.19,card,2025-08-15,settled
set_wO3ZIjM7kAclBFPU,2025-08-19,9007397130722113,pay_vSIUBi8ag7hBLOkI,ord_Puv0LlI1shQvRV96,1343.50,26.87,4.84,0.00,1311.79,upi,2025-08-17,settled
set_wO3ZIjM7kAclBFPU,2025-08-19,9007397130722113,pay_H34C3msUYZMkjIyj,ord_JJEkHGbJEvqjsaHn,4866.21,97.32,17.52,0.00,4751.37,upi,2025-08-14,settled
set_wO3ZIjM7kAclBFPU,2025-08-19,9007397130722113,pay_wJ2ezrPJTWZjH4jT,ord_RDPY9966NVYItgq2,30052.25,601.04,108.19,0.00,29343.02,upi,2025-08-14,settled
set_wO3ZIjM7kAclBFPU,2025-08-19,9007397130722113,pay_HAMLiAAUrLeUE6JJ,ord_Wp8kxsqBd7wwjskK,45548.62,910.97,163.97,0.00,44473.68,upi,2025-08-14,settled
set_wO3ZIjM7kAclBFPU,2025-08-19,9007397130722113,pay_ruF3WWQYgmorD3ZI,ord_oic1Iwo5E0d7lLrf,1926.14,38.52,6.93,0.00,1880.69,upi,2025-08-14,settled
set_hXCf2oeLBzT5vux9,2025-08-19,1928170744360234,pay_coBGKqjPKD1Yd4Vt,ord_3wB95aWKOeDlDs7a,246.92,4.94,0.89,0.00,241.09,upi,2025-08-17,settled
set_hXCf2oeLBzT5vux9,2025-08-19,1928170744360234,pay_5xMjX7IOiYrADFQb,ord_Taq726WsyB7l0p6q,4745.29,94.91,17.08,0.00,4633.30,upi,2025-08-16,settled
set_hXCf2oeLBzT5vux9,2025-08-19,1928170744360234,pay_kOYEtgfGnAWsje88,ord_LRjxhsPHgKc0Claq,14480.41,289.61,52.13,0.00,14138.67,upi,2025-08-17,settled
set_hXCf2oeLBzT5vux9,2025-08-19,1928170744360234,pay_pBIEIHiisHOJj0zj,ord_K0FzHbsT1R0otUp3,686.82,13.74,2.47,0.00,670.61,upi,2025-08-15,settled
set_hXCf2oeLBzT5vux9,2025-08-19,1928170744360234,pay_0ukfkGh644yE0xoF,ord_yKj6LRT2yqLIacnY,973.09,19.46,3.50,0.00,950.13,upi,2025-08-15,settled
set_hXCf2oeLBzT5vux9,2025-08-19,1928170744360234,pay_l84czcrGxTLidOZX,ord_fhtgp2mlJLqm3sCW,12781.24,255.62,46.01,0.00,12479.61,card,2025-08-15,settled
set_Sw3LIoAVNkuIt6tk,2025-08-19,4772690326551327,pay_VE5OESj8xdbvorcK,ord_h7Ba4XTXcCi1SreI,7844.38,156.89,28.24,0.00,7659.25,upi,2025-08-15,settled
set_Sw3LIoAVNkuIt6tk,2025-08-19,4772690326551327,pay_uSnM21mcel1WG4u0,ord_8Egf9iYdn8PBwVtm,361.27,7.23,1.30,0.00,352.74,upi,2025-08-16,settled
set_Sw3LIoAVNkuIt6tk,2025-08-19,4772690326551327,pay_NgpCJ4CxQhBSSkZD,ord_TlaqVC1V9R86EnWx,1307.54,26.15,4.71,0.00,1276.68,upi,2025-08-14,settled
set_Sw3LIoAVNkuIt6tk,2025-08-19,4772690326551327,pay_BDRlZVOZRKXwrIWk,ord_OeWR4rMMyY1jeioj,3722.72,74.45,13.40,0.00,3634.87,card,2025-08-14,settled
set_Sw3LIoAVNkuIt6tk,2025-08-19,4772690326551327,pay_5NwOkF75nDGUcGsu,ord_y5sLJ9c2eFYcOkDR,509.08,10.18,1.83,0.00,497.07,card,2025-08-13,settled
set_Sw3LIoAVNkuIt6tk,2025-08-19,4772690326551327,pay_LLTEe1a8AAEQ4xNU,ord_c7d0ND6RlTDLvR1H,875.94,17.52,3.15,0.00,855.27,card,2025-08-14,settled
set_ZolSi8pQVqkVXIGp,2025-08-19,5891268649864786,pay_gtbSJhPxvvmq4dd5,ord_ON34n2vZC1z6dZ0s,360.06,7.20,1.30,0.00,351.56,upi,2025-08-17,settled
set_ZolSi8pQVqkVXIGp,2025-08-19,5891268649864786,pay_8PkwKvKStOUCMlAC,ord_XenkZC5XjMbP4sfe,681.72,20.45,3.68,0.00,657.59,intl_card,2025-08-15,settled
set_ZolSi8pQVqkVXIGp,2025-08-19,5891268649864786,pay_8DScE0TJfPtUQ6sR,ord_uqZNWO9ApKcjk8cI,1828.59,36.57,6.58,0.00,1785.44,upi,2025-08-15,settled
set_ZolSi8pQVqkVXIGp,2025-08-19,5891268649864786,pay_nHmlsutbW16NM7qY,ord_5HpkGA0TySNqJRu0,773.41,15.47,2.78,0.00,755.16,upi,2025-08-17,settled
set_ZolSi8pQVqkVXIGp,2025-08-19,5891268649864786,pay_BTNwkL9VfiNcPxf3,ord_14XqphoVLhgtNABS,253.83,5.08,0.91,0.00,247.84,amex,2025-08-14,settled
set_ZolSi8pQVqkVXIGp,2025-08-19,5891268649864786,pay_P5OVnzMLOT0Jv5Bj,ord_Sb4dJH30gSCECGaF,2819.99,56.40,10.15,0.00,2753.44,upi,2025-08-14,settled
set_x4faNXDAgTQfOyiF,2025-08-19,9190749921640069,pay_XscDOC4YHyUyeF6U,ord_dM7To4Fjhs64K2K5,19697.00,393.94,70.91,0.00,19232.15,card,2025-08-17,settled
set_x4faNXDAgTQfOyiF,2025-08-19,9190749921640069,pay_1Dk7nrQJoqSVSEmX,ord_An4yGlzDyHkmDMUz,2754.64,55.09,9.92,0.00,2689.63,amex,2025-08-15,settled
set_x4faNXDAgTQfOyiF,2025-08-19,9190749921640069,pay_XFTfy6vEFP88VBsN,ord_pKLAKFeyhLmQ5ajV,3289.70,65.79,11.84,0.00,3212.07,card,2025-08-17,settled
set_x4faNXDAgTQfOyiF,2025-08-19,9190749921640069,pay_qlPvEsdUeuW63YxK,ord_5lt2pwFA1D0T3MJN,3246.66,97.40,17.53,0.00,3131.73,intl_card,2025-08-17,settled
set_x4faNXDAgTQfOyiF,2025-08-19,9190749921640069,pay_fo8ZBwHZ0EphW6aT,ord_SrejPXyYHikhqi7c,121885.20,2437.70,438.79,0.00,119008.71,card,2025-08-15,settled
set_x4faNXDAgTQfOyiF,2025-08-19,9190749921640069,pay_Awc6TRDlofWokcEL,ord_BCzVuB3VGVWVoPok,2289.69,45.79,8.24,0.00,2235.66,upi,2025-08-15,settled
set_tv5v6MltHMUOhfQ6,2025-08-19,0821398654622021,pay_N7B5CvCC4vZFDNJz,ord_x9wVO14tgZNnmHGW,3391.40,67.83,12.21,0.00,3311.36,amex,2025-08-15,settled
set_tv5v6MltHMUOhfQ6,2025-08-19,0821398654622021,pay_gihMR8YH6iH7dhVg,ord_APiT5m7DZIyvy6Pw,5107.69,102.15,18.39,0.00,4987.15,upi,2025-08-14,settled
set_tv5v6MltHMUOhfQ6,2025-08-19,0821398654622021,pay_q55CVCkUYivXKCdJ,ord_vPSnueB1iXKEdsoD,1917.75,38.36,6.90,0.00,1872.49,upi,2025-08-17,settled
set_tv5v6MltHMUOhfQ6,2025-08-19,0821398654622021,pay_ezs8Gp1bncVRcNsw,ord_eb0wwhA7ydj5WqYn,4540.86,90.82,16.35,0.00,4433.69,card,2025-08-14,settled
set_tv5v6MltHMUOhfQ6,2025-08-19,0821398654622021,pay_7Nvl7glmjGP8lMcE,ord_ZnmIm9lt6UPjdFWu,2836.77,56.74,10.21,0.00,2769.82,upi,2025-08-16,settled
set_tv5v6MltHMUOhfQ6,2025-08-19,0821398654622021,pay_YQCagsbEiv3FSaVl,ord_eVhpPczSUgp10eQg,181571.61,3631.43,653.66,0.00,177286.52,upi,2025-08-14,settled
set_9Mtqu1WU2vABiXxu,2025-08-19,6739190088991141,pay_WY9Puf4oM5BCVzVU,ord_rQzfnHBXkL1kVK3u,1529.26,30.59,5.51,0.00,1493.16,upi,2025-08-15,settled
set_9Mtqu1WU2vABiXxu,2025-08-19,6739190088991141,pay_xOddxBMXqdkJZXhp,ord_H6D5aseXaV4RbJmm,4125.74,82.51,14.85,0.00,4028.38,upi,2025-08-14,settled
set_Na3sPb5gFFlorUIj,2025-08-20,4203401535346607,pay_AGQD77RTo9S9fuCi,ord_312wNxrci4HIcgiT,1956.98,39.14,7.05,0.00,1910.79,card,2025-08-16,settled
set_Na3sPb5gFFlorUIj,2025-08-20,4203401535346607,pay_40jenOfIXYAxvPNp,ord_kO5UOL8LUpRlpLmw,717.98,14.36,2.58,0.00,701.04,card,2025-08-16,settled
set_Na3sPb5gFFlorUIj,2025-08-20,4203401535346607,pay_BjSTmmOBqsG9jnTQ,ord_SNwlTbpfx7toRpmF,724.85,14.50,2.61,0.00,707.74,upi,2025-08-16,settled
set_Na3sPb5gFFlorUIj,2025-08-20,4203401535346607,pay_uJmqWgxJUcUZAHCN,ord_Ilz3wogWCgOxwXkt,205.76,6.17,1.11,0.00,198.48,intl_card,2025-08-16,settled
set_Na3sPb5gFFlorUIj,2025-08-20,4203401535346607,pay_7CXd08GWogtzGgnv,ord_rgzRsIlrpVRn9SMN,3425.83,68.52,12.33,0.00,3344.98,upi,2025-08-16,settled
set_Na3sPb5gFFlorUIj,2025-08-20,4203401535346607,pay_f4UZarx0NHgSRnCi,ord_3SQ53xM5uqB5dAFO,136514.10,2730.28,491.45,0.00,133292.37,upi,2025-08-17,settled
set_T6lPkr1aJDDI2syr,2025-08-20,8182238794026208,pay_xZUdlzy1RSAJ8rJh,ord_ggvlObyhlJ2us26C,879.97,17.60,3.17,0.00,859.20,card,2025-08-17,settled
set_T6lPkr1aJDDI2syr,2025-08-20,8182238794026208,pay_zLE1OEWOEzGhrXXk,ord_a6Zb0BI2SteoVNau,512.51,10.25,1.84,0.00,500.42,card,2025-08-16,settled
set_T6lPkr1aJDDI2syr,2025-08-20,8182238794026208,pay_HQHvpZXBcwFfzHGj,ord_LNxV2rRA6Fsevqoe,354.07,7.08,1.27,0.00,345.72,upi,2025-08-16,settled
set_T6lPkr1aJDDI2syr,2025-08-20,8182238794026208,pay_xHT67pISeipNDCQR,ord_RwjvefjQh9huvbNa,36359.16,727.18,130.89,0.00,35501.09,card,2025-08-15,settled
set_T6lPkr1aJDDI2syr,2025-08-20,8182238794026208,pay_MEG69iGA85rOTH2p,ord_irwvCRRo9Vzl41de,4736.64,94.73,17.05,0.00,4624.86,upi,2025-08-16,settled
set_T6lPkr1aJDDI2syr,2025-08-20,8182238794026208,pay_TbfZjRC9XGofgEMQ,ord_shtTKR0Bvwwq1sFK,3688.71,73.77,13.28,0.00,3601.66,card,2025-08-15,settled
set_V3eq4cwW8ZJ5VcAF,2025-08-20,9182851816125590,pay_yvYTHvcpdQDsBN9b,ord_XJ8n2X8E5uaB6Po2,737.15,14.74,2.65,0.00,719.76,amex,2025-08-17,settled
set_V3eq4cwW8ZJ5VcAF,2025-08-20,9182851816125590,pay_Qmm8blOlrY8mFyZS,ord_I54Ti6HT2tv2ZZb5,876.91,17.54,3.16,0.00,856.21,card,2025-08-14,settled
set_V3eq4cwW8ZJ5VcAF,2025-08-20,9182851816125590,pay_AXNayV6riV5YFzF9,ord_yZGJ63PUL4rGydtH,622.22,12.44,2.24,0.00,607.54,upi,2025-08-15,settled
set_V3eq4cwW8ZJ5VcAF,2025-08-20,9182851816125590,pay_lnSwKOC5BRSgcSiw,ord_ss2g3k7kUczkoNbK,23040.82,460.82,82.95,0.00,22497.05,upi,2025-08-17,settled
set_V3eq4cwW8ZJ5VcAF,2025-08-20,9182851816125590,pay_nykfgc3PyBD3xAEe,ord_h6Su4VZofJNzMLx0,26122.51,522.45,94.04,0.00,25506.02,card,2025-08-17,settled
set_V3eq4cwW8ZJ5VcAF,2025-08-20,9182851816125590,pay_71oT4kyy5bG5EGra,ord_jLggWaaPBHAMp2MY,2702.25,54.05,9.73,0.00,2638.47,upi,2025-08-17,settled
set_R1Y2DlNQZDHPIFF2,2025-08-20,2329615120485076,pay_DCmKFRF8W0aROpgp,ord_rJ7AFJ5aDNECX9mg,8597.40,257.92,46.43,0.00,8293.05,intl_card,2025-08-15,settled
set_R1Y2DlNQZDHPIFF2,2025-08-20,2329615120485076,pay_t95XKjGwBNOPA6Dm,ord_bsp5v5MmtCjaUhoc,72519.21,1450.38,261.07,0.00,70807.76,upi,2025-08-14,settled
set_R1Y2DlNQZDHPIFF2,2025-08-20,2329615120485076,pay_xkXZVss7mocGc71v,ord_dYC5O55GaQjkKKSl,337.65,6.75,1.21,0.00,329.69,upi,2025-08-15,settled
set_R1Y2DlNQZDHPIFF2,2025-08-20,2329615120485076,pay_rJfsJ4xyz0XUozJd,ord_uvak26q9X7vFPFPz,30555.05,611.10,110.00,0.00,29833.95,card,2025-08-14,settled
set_R1Y2DlNQZDHPIFF2,2025-08-20,2329615120485076,pay_yipQE5Ojx3dlbCAW,ord_2A11wtfsYdR40VKP,676.61,13.53,2.44,0.00,660.64,upi,2025-08-14,settled
set_R1Y2DlNQZDHPIFF2,2025-08-20,2329615120485076,pay_ndOTlHsYVYyiL2uY,ord_GvZZRaKLIefGjNMu,6008.09,120.16,21.63,0.00,5866.30,upi,2025-08-16,settled
set_aU7vt8QXC2o38ZNn,2025-08-20,6019153057347243,pay_YyhkA6pmUe0OsPIr,ord_oAaUPdG5tKSPKatW,8375.30,167.51,30.15,0.00,8177.64,card,2025-08-16,settled
set_aU7vt8QXC2o38ZNn,2025-08-20,6019153057347243,pay_8s9Yu7WHzoUmK9Ap,ord_oEJtRQGxkvUvkRy2,2886.76,57.74,10.39,0.00,2818.63,upi,2025-08-14,settled
set_aU7vt8QXC2o38ZNn,2025-08-20,6019153057347243,pay_wxGvDyaZ0ciw8umF,ord_jHvWp4aYuVw0jg6y,4862.35,97.25,17.50,0.00,4747.60,upi,2025-08-14,settled
set_aU7vt8QXC2o38ZNn,2025-08-20,6019153057347243,pay_61ApiIvgS8zmvq3r,ord_etsQ5jCCdWj7Etg1,1043.13,20.86,3.75,0.00,1018.52,card,2025-08-16,settled
set_aU7vt8QXC2o38ZNn,2025-08-20,6019153057347243,pay_iZHpNDpge386P916,ord_ClrDtYON1DfRytTl,191237.96,3824.76,688.46,0.00,186724.74,upi,2025-08-14,settled
set_aU7vt8QXC2o38ZNn,2025-08-20,6019153057347243,pay_8sEI9vgIIZug9yHX,ord_ZVbJoHW8XgRp1JYL,19924.43,398.49,71.73,0.00,19454.21,upi,2025-08-14,settled
set_V7F9hKTGqzpLcAYZ,2025-08-20,6562241976878494,pay_nmszJZvqbOfTmkZc,ord_o1deXpENMJltHMej,48965.30,979.31,176.28,0.00,47809.71,upi,2025-08-14,settled
set_V7F9hKTGqzpLcAYZ,2025-08-20,6562241976878494,pay_QzJwpsto8I3J2xx4,ord_KIMMDVRhUrRQ19qF,1302.07,26.04,4.69,0.00,1271.34,upi,2025-08-16,settled
set_V7F9hKTGqzpLcAYZ,2025-08-20,6562241976878494,pay_K3OklmT16T4ZPSgv,ord_p2Y00OjfHpjwgeFl,3798.47,75.97,13.67,0.00,3708.83,upi,2025-08-16,settled
set_V7F9hKTGqzpLcAYZ,2025-08-20,6562241976878494,pay_P5nvtaH8HT8NaBrB,ord_XtGT2IvuI9IgAobs,680.80,13.62,2.45,0.00,664.73,upi,2025-08-14,settled
set_V7F9hKTGqzpLcAYZ,2025-08-20,6562241976878494,pay_id0TVpwDnY3wg5D5,ord_V7RP3BlavIYpTrSO,12325.56,246.51,44.37,0.00,12034.68,upi,2025-08-16,settled
set_V7F9hKTGqzpLcAYZ,2025-08-20,6562241976878494,pay_jqAt77dHLsYsNLfE,ord_7lJFp4TopHrFinUH,875.54,17.51,3.15,0.00,854.88,upi,2025-08-15,settled
set_dzpjnWC8GffdSJO1,2025-08-20,3404668212156495,pay_xKTok6dOc4jlWejv,ord_1yQwG21NycSxOBLU,3914.18,78.28,14.09,0.00,3821.81,upi,2025-08-17,settled
set_dzpjnWC8GffdSJO1,2025-08-20,3404668212156495,pay_E7yPbqEdNY5Asa7Y,ord_iG6qJCWiaCW58CWq,9117.13,182.34,32.82,0.00,8901.97,upi,2025-08-14,settled
set_dzpjnWC8GffdSJO1,2025-08-20,3404668212156495,pay_o1GJ6S0MBACYPufJ,ord_3Duap3b8pTv4rl7j,4185.01,83.70,15.07,0.00,4086.24,card,2025-08-15,settled
set_rJyF0FzwXSp2sh1h,2025-08-14,8764019185488064,pay_m9ifN41xCdsgFnOa,ord_rrcq5wmo5aho4zEK,0.00,0.00,0.00,-103.36,-103.36,upi,2025-08-08,settled
set_TaL6LlUNnobBedYh,2025-08-18,5593965213835071,pay_vSVLdAm0iIdzEqJm,ord_zj69pQCudo4LkneF,0.00,0.00,0.00,-9039.72,-9039.72,upi,2025-08-09,settled
set_hXCf2oeLBzT5vux9,2025-08-19,1928170744360234,pay_vMYEmtVFrBWFfmqv,ord_ohZLWumvMi5brH8l,0.00,0.00,0.00,-2558.65,-2558.65,upi,2025-08-07,settled
set_kyGXwhQTxKnx2UKz,2025-08-18,0262706648900824,pay_H2MCNAcHTJoOrLQI,ord_1jjrZHBUxmz5F0Pk,0.00,0.00,0.00,-317.16,-317.16,upi,2025-08-12,settled
set_ZolSi8pQVqkVXIGp,2025-08-19,5891268649864786,pay_R9UMHaj0i1GZYH0w,ord_KJvE6mcijq2n9U8T,0.00,0.00,0.00,-2537.93,-2537.93,amex,2025-08-11,settled
set_uHgGkLEuchopnEIg,2025-08-19,3971705984451436,pay_zdpAMAX4DBGYjAqR,ord_ix3byoTdJDG3VsfK,0.00,0.00,0.00,-778.99,-778.99,intl_card,2025-08-07,settled
set_dzpjnWC8GffdSJO1,2025-08-20,3404668212156495,pay_UBUoeSjZqfkSHAyo,ord_7lJFp4TopHrFinUH,0.00,0.00,0.00,-875.54,-875.54,upi,2025-08-15,settled
set_V7F9hKTGqzpLcAYZ,2025-08-20,6562241976878494,pay_ZjrGsMUKUJPKo85U,ord_fhtgp2mlJLqm3sCW,0.00,0.00,0.00,-12781.24,-12781.24,card,2025-08-15,settled
set_V3eq4cwW8ZJ5VcAF,2025-08-20,9182851816125590,pay_LcbSVQDrseZ6upkC,ord_g7yxIPn2iG00RvQ4,0.00,0.00,0.00,-6376.00,-6376.00,upi,2025-08-06,settled
set_N7qnLF1p0arQ1wdU,2025-08-12,4223322280194425,pay_F4wyTqzcriKCFbgB,ord_4dzvdm4BNJ6lawOH,0.00,0.00,0.00,-734.57,-734.57,card,2025-08-07,settled
set_RYqCIfOec1havXA4,2025-08-19,4281644161019753,pay_B4W33frkHhE30zIl,ord_8Egf9iYdn8PBwVtm,0.00,0.00,0.00,-361.27,-361.27,upi,2025-08-16,settled
set_qzwNVIaFVCY4icfY,2025-08-12,7182360107126158,pay_Wr7voW2CtVZTel0G,ord_LbkhBSUZI2U1G9Aj,4514.91,90.30,16.25,0.00,4408.36,card,2025-08-12,settled
